Res_number,frame_4_993_2112_skin.pdb,frame_4_1092_2114_skin.pdb,frame_4_1169_2114_skin.pdb,frame_4_1126_2117_skin.pdb,frame_4_1182_2119_skin.pdb,frame_4_1177_2119_skin.pdb,frame_4_1179_2120_skin.pdb,frame_4_1062_2120_skin.pdb,frame_4_1173_2120_skin.pdb,frame_4_1125_2120_skin.pdb,frame_4_1193_2125_skin.pdb,frame_4_1160_2128_skin.pdb,frame_4_1187_2133_skin.pdb,frame_4_1180_2138_skin.pdb,Average,StdDev
1,1,1,1,1,2,2,2,3,3,2,0,2,3,1,1,0.8997354108424372
2,13,13,16,16,13,14,14,14,12,12,14,14,13,15,13,1.2227992865708155
3,2,1,1,1,2,0,1,1,1,0,1,1,1,1,1,0.5345224838248488
4,0,0,0,1,0,0,0,0,0,1,0,0,0,0,0,0.35186577527449836
5,0,0,0,0,0,0,0,0,0,0,0,0,0,0,0,0.0
6,8,5,6,7,9,6,6,6,5,7,9,8,5,9,6,1.4735767952260144
7,6,6,7,8,7,7,13,5,6,8,7,9,8,6,7,1.8771812708978117
8,0,0,0,0,0,0,0,1,0,0,0,0,1,0,0,0.3518657752744984
9,3,2,1,3,2,1,1,2,3,5,2,1,2,2,2,1.0600988273786192
10,3,3,5,3,4,5,4,5,4,4,3,5,3,2,3,0.9611501047232549
11,5,6,8,6,6,9,6,6,6,8,8,6,6,10,6,1.424279266355945
12,6,2,7,4,6,3,4,5,4,4,6,4,4,3,4,1.3522468075656264
13,5,6,6,6,7,8,8,9,7,7,6,8,8,5,6,1.2071217242444348
14,8,8,6,7,5,8,6,6,5,8,9,8,8,7,7,1.2227992865708157
15,2,2,1,1,1,3,1,2,2,1,3,2,2,2,1,0.7037315505489967
16,7,9,7,7,10,9,9,9,8,8,9,5,8,8,8,1.2227992865708157
17,0,0,2,0,2,0,0,0,0,1,1,1,1,1,0,0.7367883976130073
18,5,5,5,4,4,5,5,4,4,5,4,4,3,4,4,0.6172133998483675
19,0,0,0,0,1,0,0,0,0,0,1,0,0,1,0,0.41403933560541256
20,1,0,1,0,1,0,0,2,1,0,0,2,1,1,0,0.7237468644557459
21,0,0,0,0,0,0,0,0,0,0,0,0,0,0,0,0.0
22,2,0,1,0,0,1,0,1,0,1,3,1,1,2,0,0.9154754164341269
23,1,1,1,1,1,1,1,1,1,1,1,1,1,1,1,0.0
24,11,9,13,10,10,13,14,13,13,12,11,16,11,11,11,1.8073922282301278
25,4,2,4,4,3,2,3,3,3,0,2,2,2,3,2,1.0555973258234952
26,14,14,11,10,11,9,9,11,10,9,11,10,11,9,10,1.5946338585572373
27,11,10,11,8,11,9,12,11,13,9,6,10,8,10,9,1.7674302033770737
28,5,3,3,2,2,4,3,2,2,2,4,4,4,3,3,0.961150104723255
29,2,3,3,2,3,2,2,4,2,2,2,1,1,2,2,0.7745966692414834
30,9,12,9,9,11,10,8,9,10,12,9,10,11,10,9,1.1872336794093272
31,5,5,7,6,7,4,8,4,7,6,5,5,8,7,6,1.3093073414159542
32,6,5,5,5,8,7,7,6,6,5,6,5,8,7,6,1.0600988273786192
33,0,0,0,0,0,0,1,0,0,1,0,1,1,0,0,0.4577377082170635
34,4,7,6,6,7,7,7,6,8,5,6,6,7,5,6,1.01418510567422
35,4,3,2,3,2,3,3,2,1,2,2,2,2,3,2,0.7367883976130074
36,8,10,4,7,6,3,4,10,6,6,7,5,4,5,6,2.0862360730226466
37,8,8,11,11,8,11,11,10,11,10,13,13,11,14,10,1.7994708216848745
38,0,0,0,0,0,0,0,1,0,0,1,0,0,0,0,0.35186577527449836
39,2,1,0,1,0,2,1,0,2,1,1,1,0,0,0,0.7745966692414834
40,1,1,1,1,0,0,1,0,0,0,1,2,2,1,0,0.7037315505489967
41,0,0,0,0,0,0,0,0,0,0,0,0,0,0,0,0.0
42,0,0,0,0,0,0,0,1,0,0,0,0,0,0,0,0.25819888974716115
43,1,4,2,1,1,1,1,2,2,1,1,1,1,1,1,0.8280786712108251
44,5,5,5,2,4,5,3,3,5,4,4,3,4,6,4,1.0600988273786192
45,10,10,12,13,12,16,14,15,14,12,9,10,11,13,12,2.0071301473923975
46,4,7,8,6,10,6,7,7,6,8,8,11,7,7,7,1.6676187756655836
47,1,2,2,1,1,1,3,1,1,2,0,1,1,1,1,0.7037315505489967
48,8,7,8,7,6,6,7,7,8,9,7,7,8,5,7,0.9904304018720249
49,17,12,13,12,16,18,17,16,14,13,15,15,19,20,15,2.445598573141631
50,9,8,10,9,10,13,9,10,10,8,12,4,10,8,9,2.016597794967223
51,4,0,5,7,5,4,4,2,3,6,5,2,5,5,4,1.7511900715418265
52,4,3,5,4,4,2,3,4,5,4,2,6,4,1,3,1.2983506020002016
53,2,2,3,2,1,5,3,1,1,2,2,1,0,2,1,1.1872336794093272
54,6,9,14,9,12,12,11,11,10,6,10,14,9,9,10,2.356349072692956
55,4,2,1,3,2,2,2,0,1,2,3,1,1,3,1,1.0600988273786194
56,0,0,0,0,1,0,0,0,0,0,0,0,0,0,0,0.25819888974716115
57,7,5,6,3,5,5,7,7,7,3,5,8,5,7,5,1.4960264830861913
58,2,3,2,0,3,3,1,2,2,1,3,2,3,2,2,0.883715101688537
59,0,0,2,2,2,1,3,1,0,1,2,1,2,1,1,0.8837151016885368
60,8,5,5,7,7,7,6,9,5,8,7,6,4,9,6,1.5023790657297034
61,0,0,1,0,1,1,1,0,0,0,0,0,0,1,0,0.48795003647426666
62,4,2,3,3,2,3,2,4,3,2,4,5,2,2,2,0.990430401872025
63,10,5,9,14,11,14,9,9,13,12,8,9,10,15,10,2.6690465570704314
64,5,5,4,4,4,3,2,5,5,3,4,5,5,2,4,1.0690449676496976
65,1,3,3,2,3,2,1,1,1,3,1,2,1,1,1,0.883715101688537
66,10,7,12,10,10,7,9,11,9,8,11,11,10,8,9,1.5055453054181618
67,7,8,9,9,8,8,7,8,8,9,8,10,5,7,7,1.1872336794093274
68,15,15,11,19,14,15,16,13,14,17,13,19,14,20,15,2.4976179127511156
69,3,5,5,3,6,6,7,6,4,6,5,3,6,4,4,1.3020130933435714
70,3,1,4,4,1,2,3,3,2,4,3,3,1,3,2,1.0555973258234952
71,0,0,2,1,2,2,2,1,0,2,0,0,0,3,1,1.0327955589886444
72,4,5,3,6,7,5,6,5,8,6,5,4,6,5,5,1.2344267996967353
73,7,7,7,12,9,9,7,9,7,8,5,10,5,9,7,1.8464895909600492
74,0,0,0,0,0,0,0,0,0,0,0,0,0,0,0,0.0
75,6,9,6,9,7,6,3,8,4,8,10,7,7,7,6,1.8464895909600492
76,6,9,5,8,6,6,6,6,8,9,6,10,7,4,6,1.6561573424216502
77,0,0,0,0,0,0,0,0,0,0,0,0,0,0,0,0.0
78,1,1,0,0,0,0,0,0,1,0,0,1,0,0,0,0.4577377082170635
79,4,5,6,8,8,6,6,7,9,7,6,9,5,7,6,1.4540583599999395
80,1,2,2,1,0,1,1,2,1,2,2,2,3,1,1,0.7432233529572065
81,1,1,1,1,1,1,1,2,0,1,1,1,1,1,1,0.3779644730092272
82,1,0,0,0,0,0,1,0,0,0,1,1,0,0,0,0.4577377082170635
83,1,1,2,2,2,3,1,1,1,1,2,1,3,1,1,0.7432233529572067
84,0,1,1,1,1,1,0,1,1,1,1,1,0,2,0,0.560611910581388
85,0,0,0,0,0,0,0,0,0,0,0,0,0,0,0,0.0
86,0,0,0,0,0,0,0,0,0,0,0,1,0,0,0,0.2581988897471611
87,0,1,0,1,1,0,1,1,0,1,0,0,1,1,0,0.5163977794943222
88,4,5,5,3,6,5,5,6,5,4,4,6,5,5,4,0.8618916073713347
89,4,3,2,6,3,2,3,4,4,3,5,5,3,7,3,1.424279266355945
90,2,2,2,5,1,4,2,4,2,2,2,4,3,3,2,1.1126972805283735
91,1,2,1,2,1,0,0,0,1,2,0,0,1,0,0,0.7988086367179802
92,2,2,1,1,2,2,2,1,2,0,2,2,2,2,1,0.6324555320336759
93,7,4,4,6,7,2,4,4,3,7,4,7,4,5,4,1.61245154965971
94,0,0,1,0,0,1,0,1,0,0,0,0,0,0,0,0.4140393356054126
95,5,5,10,6,8,3,7,6,6,9,6,7,8,6,6,1.7265434778633235
96,0,0,1,0,0,0,0,0,0,0,0,0,0,0,0,0.25819888974716115
97,4,4,5,2,2,3,3,5,5,3,2,3,5,2,3,1.1832159566199234
98,3,3,3,5,3,5,5,3,4,3,4,3,4,3,3,0.828078671210825
99,4,4,5,4,5,3,3,5,5,6,6,5,6,5,4,0.9759000729485331
100,1,0,2,0,0,2,3,0,1,0,1,0,0,0,0,0.9759000729485333
101,12,9,12,12,9,9,8,8,12,8,12,9,9,8,9,1.709915063331955
102,1,1,0,0,0,0,0,1,1,0,0,0,0,0,0,0.4577377082170635
103,3,5,2,4,4,5,6,6,3,5,2,4,3,4,4,1.2535663410560174
104,0,0,0,0,0,0,0,0,0,0,0,0,0,0,0,0.0
105,4,4,3,3,4,2,2,2,4,3,5,2,7,3,3,1.3522468075656264
106,2,1,1,2,2,1,0,2,1,1,2,1,1,0,1,0.6761234037828133
107,0,0,0,0,0,0,0,0,0,0,0,0,0,0,0,0.0
108,2,3,2,2,1,1,1,2,4,2,2,3,2,0,1,0.9904304018720249
109,2,4,1,2,2,4,2,0,3,1,2,3,3,3,2,1.0997835284835873
110,9,6,8,6,7,7,11,10,8,11,11,9,10,11,8,1.820517979665599
111,6,8,4,4,5,2,4,6,6,5,5,4,2,5,4,1.5430334996209192
112,9,8,9,10,10,9,10,9,8,12,10,11,12,7,9,1.4074631010979937
113,2,2,5,4,4,5,4,6,4,3,2,4,2,2,3,1.3020130933435712
114,0,0,0,0,0,0,0,0,0,0,0,0,0,0,0,0.0
115,12,9,10,12,11,14,12,11,11,13,15,15,12,12,12,1.667618775665584
116,4,4,4,4,6,3,4,3,3,4,4,2,3,4,3,0.8997354108424375
117,6,3,4,6,3,5,6,4,7,4,5,6,7,6,5,1.3020130933435712
118,13,10,11,13,12,13,11,14,10,12,11,14,13,12,12,1.2798809468443688
119,1,1,1,2,2,3,1,3,3,1,1,2,3,2,1,0.8618916073713345
120,6,2,3,4,2,5,5,4,2,4,1,4,4,6,3,1.4960264830861911
121,8,8,10,8,11,8,8,7,9,12,12,11,9,9,9,1.5796322658258455
122,0,0,1,0,1,1,1,1,0,0,0,0,0,1,0,0.50709255283711
123,8,10,9,8,9,9,9,10,7,8,7,11,10,10,8,1.1872336794093272
124,2,0,0,0,0,0,0,0,0,0,0,0,0,1,0,0.5606119105813882
125,1,0,3,1,2,1,1,0,0,1,2,0,1,0,0,0.9154754164341269
126,0,4,4,5,3,3,2,2,3,4,2,3,3,3,2,1.1872336794093272
127,11,11,11,13,14,11,14,11,10,12,14,14,11,15,12,1.5796322658258457
128,6,9,8,9,11,8,9,10,11,7,10,9,8,11,9,1.4638501094227998
129,8,10,6,8,10,9,9,7,8,7,7,9,9,11,8,1.3522468075656264
130,1,0,0,1,1,1,2,1,1,1,0,0,1,2,0,0.6761234037828133
131,6,5,4,5,6,4,4,5,4,3,4,4,4,5,4,0.833809387832792
132,1,1,1,1,2,1,2,3,3,1,1,1,1,1,1,0.7367883976130073
133,2,3,1,3,2,2,1,1,2,4,2,3,1,2,2,0.883715101688537
134,6,6,3,5,5,5,6,3,4,4,4,5,5,6,4,1.0327955589886444
135,0,0,0,0,0,0,0,0,0,0,0,0,0,0,0,0.0
136,0,0,0,0,0,0,0,0,0,0,0,0,0,0,0,0.0
137,3,6,5,4,3,5,6,1,6,3,3,2,3,2,3,1.5886502207249789
138,0,0,0,0,0,0,0,0,0,0,0,1,0,0,0,0.2581988897471611
139,0,0,0,0,0,0,0,0,0,0,0,0,0,0,0,0.0
140,3,4,3,6,4,5,5,3,3,5,6,4,3,5,4,1.082325538564332
141,8,5,9,7,8,8,8,8,7,7,8,7,6,9,7,1.0600988273786194
142,0,0,0,0,0,0,0,0,0,0,0,0,0,0,0,0.0
143,0,0,1,1,0,0,0,0,1,2,0,0,1,1,0,0.6399404734221844
144,4,4,4,4,5,4,5,3,3,1,5,2,3,4,3,1.121223821162776
145,5,5,1,1,5,3,1,2,3,2,2,0,3,3,2,1.552264091423817
146,2,2,1,1,1,2,0,2,1,1,2,1,0,1,1,0.6761234037828133
147,11,7,7,9,6,6,10,7,7,10,10,10,9,10,8,1.6846647257229663
148,5,4,5,4,2,5,5,4,4,4,3,5,5,5,4,0.8837151016885368
149,6,6,7,7,8,10,6,11,5,5,5,8,8,6,7,1.7728105208558367
150,3,5,1,2,2,2,2,1,2,1,2,1,3,3,2,1.0600988273786192
151,13,16,14,12,14,10,11,15,17,14,17,15,18,11,14,2.374467358818655
152,4,4,6,4,6,4,6,5,5,4,4,5,2,2,4,1.2344267996967353
153,0,1,0,1,1,1,1,1,1,0,1,1,1,1,0,0.4577377082170634
154,6,10,10,9,7,13,7,10,6,10,6,10,8,9,8,1.9928443419967783
155,2,2,1,1,2,2,1,1,2,2,1,2,3,2,1,0.6172133998483676
156,0,0,0,0,0,0,0,1,0,0,1,0,0,0,0,0.35186577527449836
157,0,0,0,0,0,0,0,0,0,0,0,0,0,0,0,0.0
158,0,0,0,0,0,0,0,0,0,0,0,0,0,0,0,0.0
159,0,0,0,0,0,0,0,0,0,0,0,0,0,0,0,0.0
160,0,1,0,0,0,0,0,0,0,0,0,0,0,0,0,0.25819888974716115
161,2,1,1,1,1,1,1,1,1,1,1,2,1,1,1,0.35186577527449836
162,1,1,1,1,0,0,0,0,1,0,0,0,0,0,0,0.48795003647426666
163,4,8,10,9,8,9,8,7,9,8,10,8,9,9,8,1.437590576856522
164,3,4,4,4,6,5,4,5,4,7,6,4,7,3,4,1.2909944487358056
165,8,12,8,6,12,11,14,11,13,10,14,10,11,13,10,2.294921930407801
166,9,5,6,7,4,5,8,7,7,8,5,4,6,8,6,1.5430334996209192
167,10,14,14,14,17,15,15,13,14,12,13,12,16,15,13,1.740279123753264
168,7,4,4,4,5,3,6,5,4,5,4,2,3,5,4,1.2344267996967353
169,14,10,8,6,8,9,9,7,8,6,11,12,8,9,8,2.166849809109551
170,1,1,0,0,1,1,1,0,0,0,0,0,0,0,0,0.48795003647426666
171,0,0,0,1,0,0,1,0,1,2,1,0,0,0,0,0.6324555320336759
172,9,12,5,6,6,7,7,8,5,8,6,5,6,8,7,1.8516401995451028
173,1,6,2,3,4,2,3,6,4,3,3,5,4,3,3,1.4074631010979932
174,7,8,5,6,7,5,5,5,7,9,11,4,6,5,6,1.8439088914585775
175,1,1,1,2,0,1,1,3,1,3,1,1,1,1,1,0.7988086367179803
176,0,1,1,0,1,0,0,1,1,1,1,0,0,0,0,0.5163977794943222
177,0,0,0,0,0,0,0,0,0,0,0,0,0,0,0,0.0
178,0,0,0,0,0,0,0,0,0,0,0,0,0,0,0,0.0
179,0,1,2,1,1,1,1,0,0,0,1,0,3,0,0,0.8837151016885368
180,0,0,0,0,0,0,0,0,0,0,0,0,0,0,0,0.0
181,0,0,0,0,0,0,0,0,0,0,0,0,0,0,0,0.0
182,0,0,0,0,0,0,0,0,0,0,0,0,0,0,0,0.0
183,1,0,2,1,1,1,1,1,0,1,1,2,3,1,1,0.7432233529572065
184,0,0,0,0,0,0,0,0,0,0,0,0,0,1,0,0.2581988897471611
185,0,0,0,0,0,0,0,0,0,0,0,0,0,0,0,0.0
186,4,4,5,4,5,6,5,4,6,6,6,6,7,4,5,0.9904304018720249
187,0,0,2,2,2,3,2,0,2,1,4,1,3,3,1,1.2227992865708153
188,0,0,0,0,0,0,0,0,0,0,0,0,0,0,0,0.0
189,0,0,0,0,0,1,1,0,0,1,1,0,0,0,0,0.4577377082170635
190,8,8,9,8,9,8,9,9,11,7,7,11,6,7,8,1.3972762620115435
191,0,0,0,1,0,1,0,0,1,0,0,1,1,0,0,0.48795003647426666
192,0,1,1,1,0,0,1,1,1,0,0,1,1,0,0,0.5163977794943222
193,10,11,17,10,12,9,11,11,14,13,13,13,11,11,11,1.9712215212183244
194,2,1,6,3,4,4,3,0,4,3,8,2,7,5,3,2.1602468994692865
195,1,1,0,0,0,0,0,1,0,0,0,0,0,0,0,0.4140393356054126
196,5,8,6,7,4,6,4,4,5,5,3,4,3,3,4,1.4864467059144129
197,7,9,6,5,10,6,7,3,6,6,7,9,8,6,6,1.7511900715418263
198,1,3,4,4,3,4,4,2,2,4,1,2,2,2,2,1.1126972805283735
199,6,7,9,6,8,9,9,10,11,11,8,8,11,8,8,1.6388149028228554
200,8,5,12,13,8,8,8,6,9,7,12,8,8,7,8,2.231804736295804
201,14,14,10,11,11,12,11,13,12,13,12,12,12,12,12,1.0997835284835875
202,7,6,6,5,5,6,6,4,5,6,5,6,4,5,5,0.8280786712108249
203,10,8,4,8,4,4,8,10,6,7,7,8,7,9,7,1.9591057240729095
204,1,1,2,1,2,1,2,2,1,1,1,2,1,3,1,0.6399404734221844
205,10,9,9,6,10,8,8,11,10,9,4,7,7,8,8,1.7915143899851345
206,0,0,1,1,1,1,1,0,1,0,1,0,0,1,0,0.5163977794943222
207,7,9,5,5,3,7,3,6,6,4,5,6,6,3,5,1.6761634196950517
208,4,3,4,3,3,4,2,6,3,3,3,2,3,2,3,1.01418510567422
209,4,5,3,3,3,2,2,2,5,4,2,4,2,5,3,1.1629191512658792
210,13,13,15,16,13,13,17,13,10,14,13,14,16,14,13,1.6987390281365427
211,5,6,5,5,5,6,5,4,4,6,5,7,6,7,5,0.9102589898327995
212,13,14,14,8,9,14,11,11,15,12,16,14,11,14,12,2.2318047362958033
213,5,6,9,9,9,10,7,8,10,9,11,9,8,11,8,1.6818357317441641
214,1,4,2,2,1,2,2,2,5,1,1,1,4,2,2,1.245945806357946
215,9,7,4,6,3,4,3,3,4,5,4,4,2,3,4,1.799470821684875
216,3,2,1,0,2,2,2,0,1,1,3,2,2,1,1,0.915475416434127
217,3,3,1,2,2,3,4,3,2,2,3,3,2,3,2,0.7432233529572067
218,2,1,1,0,3,2,0,0,2,1,0,2,1,2,1,0.9411239481143201
219,10,9,8,9,6,6,7,10,7,8,9,8,7,8,8,1.2535663410560174
220,9,7,9,8,9,7,8,7,6,8,7,6,8,7,7,0.9904304018720251
221,0,0,0,0,0,0,0,0,0,0,0,0,0,0,0,0.0
222,0,2,0,4,1,5,1,2,1,2,1,2,2,0,1,1.4040757000349275
223,5,3,4,3,3,4,5,5,5,3,3,4,3,5,3,0.9154754164341269
224,2,6,5,4,3,5,5,4,6,5,6,5,4,3,4,1.1872336794093272
225,0,0,0,0,0,0,0,0,0,0,0,0,0,0,0,0.0
226,7,9,10,10,11,9,13,6,9,10,10,9,8,9,9,1.6242214252050848
227,7,7,6,6,9,9,8,7,8,6,5,9,8,8,7,1.2344267996967353
228,1,1,1,1,1,1,1,0,1,1,1,0,1,0,0,0.4577377082170634
229,1,3,2,2,1,3,4,3,2,2,1,3,4,4,2,1.0600988273786194
230,11,10,14,11,15,14,14,14,13,11,13,12,14,17,13,1.830950832868254
231,3,3,4,0,3,3,5,4,4,2,5,3,4,2,3,1.2649110640673518
232,1,1,2,1,1,0,1,0,0,2,2,0,1,1,0,0.7432233529572065
233,7,9,10,7,8,9,10,9,9,10,9,8,9,9,8,0.9611501047232548
234,8,6,10,12,9,8,6,7,9,10,8,8,5,9,8,1.780850519113991
235,12,9,11,12,14,12,12,10,12,12,14,13,15,12,12,1.5055453054181618
236,2,3,3,3,6,4,3,5,4,3,5,4,5,5,3,1.1254628677422753
237,13,8,8,8,8,7,10,9,8,10,10,8,9,11,9,1.5337473561121313
238,6,6,8,8,9,8,5,8,7,8,8,6,7,7,7,1.082325538564332
239,11,11,13,12,12,10,14,9,14,14,12,11,13,11,11,1.5055453054181618
240,12,6,7,7,10,10,10,13,12,10,12,11,6,8,9,2.2949219304078006
241,0,1,4,2,1,1,1,0,1,2,1,3,1,3,1,1.1254628677422753
