Res_number,frame_6_278_657_skin.pdb,frame_6_208_657_skin.pdb,frame_7_22_642_skin.pdb,frame_6_106_665_skin.pdb,frame_6_296_651_skin.pdb,frame_5_424_671_skin.pdb,frame_7_2_659_skin.pdb,frame_6_129_667_skin.pdb,frame_6_146_669_skin.pdb,frame_7_50_643_skin.pdb,frame_6_200_663_skin.pdb,frame_6_298_665_skin.pdb,frame_6_271_666_skin.pdb,frame_6_318_665_skin.pdb,frame_6_307_665_skin.pdb,frame_6_109_663_skin.pdb,frame_6_302_669_skin.pdb,frame_6_207_660_skin.pdb,frame_6_320_643_skin.pdb,frame_7_6_642_skin.pdb,frame_6_319_648_skin.pdb,frame_6_301_650_skin.pdb,frame_6_272_654_skin.pdb,frame_7_56_642_skin.pdb,frame_6_110_669_skin.pdb,frame_6_152_661_skin.pdb,frame_6_147_655_skin.pdb,frame_7_8_642_skin.pdb,frame_6_317_645_skin.pdb,frame_7_11_664_skin.pdb,frame_7_49_660_skin.pdb,frame_6_325_667_skin.pdb,frame_6_99_666_skin.pdb,frame_6_306_653_skin.pdb,frame_6_136_663_skin.pdb,frame_6_151_655_skin.pdb,frame_6_149_667_skin.pdb,frame_6_269_656_skin.pdb,frame_6_104_668_skin.pdb,frame_6_305_667_skin.pdb,frame_6_297_650_skin.pdb,frame_7_52_650_skin.pdb,frame_7_59_643_skin.pdb,frame_7_18_654_skin.pdb,frame_6_128_668_skin.pdb,frame_6_141_656_skin.pdb,frame_6_267_657_skin.pdb,frame_6_276_648_skin.pdb,frame_7_17_647_skin.pdb,frame_7_15_642_skin.pdb,frame_6_153_651_skin.pdb,frame_5_441_665_skin.pdb,frame_6_277_656_skin.pdb,frame_6_308_645_skin.pdb,frame_7_12_645_skin.pdb,frame_6_112_666_skin.pdb,frame_7_20_649_skin.pdb,frame_6_280_666_skin.pdb,frame_7_7_649_skin.pdb,frame_6_270_648_skin.pdb,frame_6_273_664_skin.pdb,frame_6_100_667_skin.pdb,frame_6_324_659_skin.pdb,frame_6_313_654_skin.pdb,frame_7_5_663_skin.pdb,frame_6_303_652_skin.pdb,frame_6_279_651_skin.pdb,frame_7_4_649_skin.pdb,frame_6_107_660_skin.pdb,frame_6_316_669_skin.pdb,frame_6_138_655_skin.pdb,frame_7_21_645_skin.pdb,frame_6_134_661_skin.pdb,frame_6_148_651_skin.pdb,frame_6_265_661_skin.pdb,frame_6_86_666_skin.pdb,frame_7_19_647_skin.pdb,frame_6_268_660_skin.pdb,frame_6_321_647_skin.pdb,frame_7_30_658_skin.pdb,frame_6_323_655_skin.pdb,frame_6_154_667_skin.pdb,frame_6_315_644_skin.pdb,frame_6_137_669_skin.pdb,frame_6_130_664_skin.pdb,frame_7_9_652_skin.pdb,frame_6_264_662_skin.pdb,frame_7_24_649_skin.pdb,frame_6_101_666_skin.pdb,frame_6_322_647_skin.pdb,frame_6_139_669_skin.pdb,frame_6_312_645_skin.pdb,frame_6_281_656_skin.pdb,Average,StdDev
1,1,0,2,3,2,2,2,2,4,1,1,2,1,2,3,1,2,2,2,1,3,2,2,1,2,1,2,1,2,1,1,1,3,2,3,2,2,1,2,1,3,2,2,0,2,3,0,3,0,2,3,0,2,1,1,1,0,1,1,1,1,2,1,1,4,2,0,1,3,1,3,0,1,3,1,0,2,1,2,1,2,2,2,4,3,2,2,0,3,2,4,2,2,1.7096774193548387,0.9900651131111485
2,8,12,11,13,8,13,10,11,9,8,13,9,7,8,7,10,8,12,11,10,10,7,10,10,12,12,10,9,12,10,10,8,10,9,13,7,10,10,12,9,8,7,8,10,13,13,8,9,11,9,7,10,8,8,10,9,11,9,10,10,10,9,10,9,9,12,10,7,12,12,8,10,7,10,9,9,10,9,11,11,12,9,9,9,11,9,10,8,9,9,8,8,10,9.688172043010752,1.6262529966493167
3,1,2,2,2,0,1,1,2,2,2,1,0,0,1,2,1,1,1,2,2,2,1,1,3,0,2,2,2,2,3,1,1,1,1,0,1,0,1,0,1,1,2,2,2,1,1,1,1,2,2,1,3,2,1,2,1,2,2,2,2,2,3,1,3,3,0,2,3,2,2,1,2,3,1,1,1,2,2,2,1,3,0,2,1,1,0,0,2,2,2,2,2,2,1.5053763440860215,0.8246687952178066
4,0,0,0,0,0,0,0,0,0,0,0,0,0,0,0,0,0,0,0,0,1,0,0,0,0,0,0,0,0,0,0,0,0,0,0,0,0,0,0,0,0,0,0,0,0,0,0,0,0,0,0,0,0,0,0,0,0,0,0,0,0,0,0,0,0,0,0,0,0,0,0,0,0,0,0,0,0,0,0,0,0,0,0,0,0,0,0,0,0,0,0,0,0,0.010752688172043012,0.1031361617916715
5,0,0,0,0,0,0,0,0,0,0,0,0,0,0,0,0,0,0,0,0,0,0,0,0,0,0,0,0,0,0,0,0,0,0,0,0,0,0,0,0,0,0,0,0,0,0,0,0,0,0,0,0,0,0,0,0,0,0,0,0,0,0,0,0,0,0,0,0,0,0,0,0,0,0,0,0,0,0,0,0,0,0,0,0,0,0,0,0,0,0,0,0,0,0.0,0.0
6,4,7,3,3,2,3,6,4,5,3,6,4,5,5,4,2,6,4,6,4,5,3,4,3,3,4,4,6,3,5,3,3,4,6,4,4,2,5,5,6,4,4,4,7,6,5,6,4,4,5,4,3,6,6,4,4,4,3,7,6,4,3,6,6,4,5,5,5,3,6,3,5,3,2,5,5,4,5,5,4,4,5,5,2,3,6,5,3,5,4,4,7,4,4.397849462365591,1.245549366605053
7,9,6,6,6,4,5,6,5,6,4,6,7,6,6,6,5,8,4,7,5,6,10,4,4,7,6,5,6,6,4,5,8,3,9,7,9,5,5,5,7,7,5,4,5,6,4,4,3,6,4,8,4,6,7,7,7,3,5,4,9,5,4,6,6,5,9,9,4,5,6,5,4,4,8,5,7,5,7,6,6,8,7,8,2,6,3,4,4,5,5,4,4,4,5.655913978494624,1.64280525652917
8,0,0,0,0,0,0,0,0,0,0,0,0,0,0,0,0,0,0,0,0,0,0,0,0,0,0,0,0,0,0,0,0,0,0,0,0,0,0,0,0,0,0,0,0,0,0,0,0,0,0,0,0,0,0,0,0,0,0,0,0,0,0,0,0,0,0,0,0,0,0,0,0,0,0,0,0,0,0,0,0,0,0,0,0,0,0,0,0,0,0,0,0,0,0.0,0.0
9,2,2,2,4,1,2,1,2,2,2,1,3,2,2,2,2,2,3,1,0,1,3,1,2,2,1,2,3,2,3,1,1,1,4,2,3,1,1,2,1,2,3,2,2,2,2,2,2,3,1,1,1,1,2,1,2,2,3,1,1,3,2,1,1,2,1,2,1,2,3,2,3,2,2,2,0,1,1,2,2,1,2,4,1,2,1,1,2,1,2,1,1,2,1.7956989247311828,0.8106699709664844
10,1,3,2,2,2,2,2,4,1,4,3,0,2,4,0,4,3,1,1,4,3,2,2,1,3,2,1,3,3,3,3,3,3,0,4,0,0,4,1,1,1,4,1,3,0,4,3,1,2,2,1,3,2,7,4,4,2,1,1,3,3,1,3,4,1,0,2,5,4,4,3,3,3,1,4,1,3,2,3,2,5,1,3,3,3,4,0,1,2,3,2,1,4,2.3655913978494625,1.3817936468614433
11,4,5,4,7,4,6,7,5,7,4,5,6,7,5,6,7,2,6,5,5,8,7,6,6,7,3,6,6,4,6,4,3,5,4,5,7,5,5,5,6,5,6,7,7,5,4,2,5,7,7,5,7,6,6,4,2,4,6,7,3,6,6,3,7,7,6,4,9,9,3,2,8,5,3,5,2,7,4,5,5,4,3,4,6,9,5,4,6,3,5,7,6,5,5.301075268817204,1.6116841270910993
12,4,2,3,4,3,2,4,4,3,5,3,2,4,2,1,4,3,3,2,5,2,5,4,3,2,3,2,2,2,2,3,2,4,3,3,2,2,2,3,3,3,4,2,3,3,3,3,5,3,2,3,3,3,2,3,4,2,2,5,3,2,3,4,7,2,3,3,3,2,2,5,3,5,4,3,1,5,4,4,5,4,2,1,4,3,5,2,3,5,2,1,3,2,3.064516129032258,1.1340900536288354
13,4,3,4,3,3,3,5,3,4,3,5,3,3,3,3,5,3,3,3,3,3,4,3,3,4,6,3,3,2,3,3,4,5,3,5,3,4,3,3,3,4,3,3,3,4,4,3,3,3,3,5,4,3,3,3,3,3,3,4,3,5,4,5,4,3,3,5,4,4,3,4,3,4,6,4,3,3,3,2,3,4,4,2,4,5,3,3,3,4,3,3,3,3,3.4946236559139785,0.8115252586715356
14,6,5,5,4,4,4,5,4,5,6,6,4,4,7,5,4,4,6,4,4,6,4,5,6,5,5,6,5,4,4,6,5,6,4,5,5,5,5,4,5,5,6,7,4,4,4,5,4,3,4,5,4,6,5,6,5,4,5,6,5,6,4,8,4,4,5,5,4,5,4,5,5,4,4,6,5,3,4,6,3,6,6,5,5,4,6,7,5,6,8,5,4,5,4.935483870967742,1.0032897673487635
15,0,1,0,0,1,0,0,1,0,0,0,0,1,0,0,1,0,0,0,0,0,0,0,0,0,0,1,0,0,0,0,0,0,0,1,0,1,1,0,1,0,0,0,0,0,1,1,1,1,0,0,0,0,0,0,0,0,0,0,0,0,0,0,0,0,0,0,0,0,0,0,0,0,0,0,0,1,0,0,0,0,1,0,1,1,1,1,0,0,0,1,1,1,0.24731182795698925,0.4314495193062121
16,5,4,5,3,3,5,6,5,4,6,4,5,7,3,5,5,4,4,4,5,5,4,5,5,4,3,6,5,5,5,5,4,4,7,4,3,5,4,6,4,4,5,4,5,4,5,5,5,4,5,5,6,4,5,6,5,6,5,5,4,4,5,4,5,4,6,5,5,6,5,3,5,5,4,5,4,5,4,3,5,5,6,5,6,5,2,6,5,3,2,4,6,7,4.688172043010753,0.9943766040169371
17,0,0,0,0,0,0,0,0,0,0,0,0,0,0,0,0,0,0,0,0,0,0,0,0,0,0,0,0,0,0,0,0,0,0,0,0,0,0,0,0,0,0,0,0,0,0,0,0,0,0,0,0,0,0,0,0,0,0,0,0,0,0,0,0,0,0,0,0,0,0,0,0,0,0,0,0,0,0,0,0,0,0,0,0,0,0,0,0,0,0,0,0,0,0.0,0.0
18,3,3,4,3,1,2,4,4,3,5,3,4,4,3,1,3,3,3,4,4,4,3,3,5,3,4,2,5,3,3,3,4,2,3,3,3,3,4,3,3,2,3,4,4,3,3,4,2,3,3,4,4,2,3,3,3,3,2,2,2,4,4,3,3,3,3,2,4,2,4,3,5,4,3,3,3,4,3,5,4,3,3,3,3,3,4,3,4,3,4,3,4,3,3.236559139784946,0.808527793423977
19,0,0,0,0,0,0,0,0,0,0,0,0,0,0,0,0,0,0,0,0,0,0,0,0,0,0,0,0,0,0,0,0,0,0,0,0,0,0,0,0,0,0,0,0,0,0,0,0,0,0,0,0,0,0,0,0,0,0,0,0,0,0,0,0,0,0,0,0,0,0,0,0,0,0,0,0,0,0,0,0,0,0,0,0,0,0,0,0,0,0,0,0,0,0.0,0.0
20,0,0,0,0,1,0,0,0,0,0,0,0,0,0,1,0,0,0,0,0,0,0,1,0,1,0,1,0,1,1,0,1,1,0,0,0,0,1,0,0,0,1,1,0,0,0,0,1,0,1,0,1,0,1,0,1,0,1,0,0,0,0,0,0,1,0,1,0,1,0,0,0,0,0,0,0,0,0,0,0,1,1,0,0,0,0,0,0,0,0,1,0,0,0.25806451612903225,0.4375696763306622
21,0,0,0,0,0,0,0,0,0,0,0,0,0,0,0,0,0,0,0,0,0,0,0,0,0,0,0,0,0,0,0,0,0,0,0,0,0,0,0,0,0,0,0,0,0,0,0,0,0,0,0,0,0,0,0,0,0,0,0,0,0,0,0,0,0,0,0,0,0,0,0,0,0,0,0,0,0,0,0,0,0,0,0,0,0,0,0,0,0,0,0,0,0,0.0,0.0
22,0,0,1,1,2,0,1,1,2,0,1,0,1,1,1,3,1,0,0,0,0,0,0,1,1,0,1,0,1,0,0,1,0,0,0,1,2,1,0,1,0,1,1,0,1,0,0,0,0,0,1,1,0,1,1,0,0,1,1,0,0,1,1,0,0,0,1,0,0,0,0,0,1,1,0,2,0,0,0,0,0,1,0,1,0,0,0,0,0,0,0,1,1,0.4946236559139785,0.632857590088695
23,1,0,0,1,0,1,0,1,0,0,1,0,1,0,0,1,0,0,0,0,0,0,1,0,1,1,0,0,0,0,0,0,0,0,1,0,0,0,0,0,0,0,0,0,0,0,0,0,0,0,1,1,1,0,0,1,0,0,0,0,1,0,0,0,0,0,0,0,1,0,0,0,0,0,0,1,0,0,0,0,0,0,0,1,1,0,0,0,0,0,0,0,0,0.21505376344086022,0.4108596381622105
24,3,8,6,8,4,7,5,9,9,3,6,5,5,5,3,9,5,8,4,4,5,5,4,4,9,8,9,4,4,6,6,4,6,7,4,7,8,5,10,3,3,4,3,5,5,6,4,4,5,4,8,6,4,4,4,9,6,6,5,4,2,7,3,3,3,3,3,2,7,3,6,5,5,6,4,6,4,4,7,6,6,8,3,7,8,3,3,4,7,7,7,5,3,5.301075268817204,1.9164536369872616
25,1,0,2,0,2,0,1,1,0,2,0,2,1,2,2,0,3,0,2,3,1,2,1,2,0,1,1,1,3,2,2,5,0,3,1,1,1,1,0,3,2,2,4,2,2,0,1,2,2,3,0,0,3,2,3,0,2,1,2,2,1,0,3,3,2,4,3,1,0,1,0,1,0,0,1,1,3,2,3,2,4,0,2,0,1,2,2,2,0,1,0,2,3,1.5053763440860215,1.1697224734169822
26,8,8,10,8,7,8,7,10,9,6,12,11,10,7,8,11,6,8,7,12,6,7,10,8,10,11,10,6,7,6,6,9,9,6,12,9,11,7,12,5,8,7,5,8,11,12,9,10,8,9,8,13,6,9,8,9,9,12,11,7,7,10,10,7,7,8,8,7,7,7,10,5,7,7,8,12,8,6,4,7,12,7,5,8,9,8,11,6,9,7,8,8,10,8.376344086021506,1.9941526267588212
27,8,6,4,9,9,6,10,7,8,10,4,8,6,6,5,7,8,6,6,7,8,7,10,6,8,9,7,6,6,7,9,7,7,7,7,8,8,7,7,9,7,7,6,6,7,3,9,6,7,7,5,7,8,9,9,9,6,7,6,8,9,7,9,7,7,8,7,10,7,5,5,8,6,5,10,9,7,10,7,9,7,8,5,5,9,6,12,8,4,11,5,7,4,7.225806451612903,1.6728639550188735
28,3,3,2,3,3,4,1,2,1,2,1,3,2,3,3,2,4,3,1,3,2,3,4,3,3,4,3,3,2,2,1,4,2,2,4,2,2,2,2,3,4,4,5,1,2,2,3,2,1,1,3,3,2,3,2,1,1,4,2,3,4,1,3,2,2,3,2,4,3,4,3,2,3,2,1,2,4,3,1,3,3,4,3,1,2,4,1,4,2,5,1,2,2,2.5483870967741935,1.031921988301942
29,2,2,2,1,1,0,2,1,2,3,2,3,2,1,1,0,4,2,2,2,3,2,0,2,1,2,1,3,1,0,0,1,3,2,3,2,0,1,0,3,1,1,0,2,0,3,1,2,1,2,2,1,0,2,1,2,1,1,3,2,2,3,1,2,1,1,2,2,0,1,1,1,2,1,2,1,1,1,2,3,1,3,2,1,4,3,3,1,1,1,2,2,0,1.5806451612903225,0.9652297140946349
30,6,7,3,5,6,7,6,8,5,4,5,5,3,8,8,5,6,6,8,7,7,7,7,7,5,4,6,3,4,7,6,5,8,7,3,5,4,3,8,5,5,5,7,3,8,6,7,5,7,6,4,5,8,5,6,6,5,5,8,6,5,4,6,7,7,6,4,10,6,6,5,3,6,6,7,6,7,5,6,5,5,5,8,8,7,9,6,7,6,6,6,5,5,5.870967741935484,1.4681259098358903
31,2,5,4,4,4,4,1,2,2,1,2,2,7,6,2,6,2,4,4,2,5,4,7,5,4,3,2,2,3,3,6,5,4,4,4,5,5,6,4,4,3,3,2,4,1,4,5,5,3,4,4,5,5,4,2,5,1,5,2,5,2,2,6,2,3,3,3,1,3,3,5,6,3,4,3,5,5,5,4,5,4,4,4,5,1,2,3,3,1,2,5,4,5,3.6451612903225805,1.4711940969021142
32,4,5,5,6,8,7,7,5,4,4,6,5,4,4,5,5,5,6,4,2,5,4,5,5,6,5,4,3,4,4,6,4,6,6,7,4,4,6,6,6,6,3,4,5,4,6,8,3,7,2,3,4,5,4,5,6,8,6,3,8,6,4,4,7,5,5,4,7,4,6,5,4,6,4,4,6,4,6,5,6,4,5,6,5,6,3,3,5,5,5,4,7,6,5.021505376344086,1.311475362450695
33,0,0,0,0,0,0,0,0,0,0,0,0,0,0,0,0,1,0,0,1,0,0,1,0,0,0,0,0,0,0,0,0,0,0,0,0,0,0,0,0,0,0,0,0,0,0,0,1,0,0,0,0,1,0,0,0,0,0,0,0,0,0,1,0,0,0,0,0,0,0,0,0,0,0,0,0,0,0,0,0,0,0,0,0,0,0,0,0,0,0,0,0,0,0.06451612903225806,0.24567010018915822
34,2,3,2,1,1,3,2,3,1,4,3,3,2,3,3,4,4,1,2,2,1,2,0,4,4,1,3,2,3,2,1,5,2,2,3,3,4,2,2,3,2,3,2,2,2,3,2,3,3,2,0,3,3,2,2,2,2,2,1,1,3,2,3,3,3,2,2,3,1,2,3,2,4,1,4,3,2,3,3,3,5,2,2,2,2,3,4,0,3,6,3,4,2,2.4731182795698925,1.0735470085461234
35,1,1,1,2,1,0,0,2,1,0,1,0,0,2,3,1,1,1,1,1,1,1,0,1,0,1,0,0,1,1,2,1,1,2,1,2,1,2,1,1,1,1,1,1,0,0,0,0,0,1,1,1,2,0,2,0,0,0,3,0,1,1,2,1,2,0,1,2,1,0,1,1,1,2,1,1,1,1,1,0,0,1,2,1,1,1,1,2,1,0,1,0,2,0.946236559139785,0.7238723733207237
36,4,2,2,4,4,4,2,5,0,3,2,4,4,2,5,4,4,2,4,4,3,4,3,1,5,4,2,4,3,3,2,1,1,1,3,4,2,3,5,5,4,1,1,0,3,2,4,2,1,4,1,4,3,5,6,2,4,2,4,2,0,5,0,3,3,3,3,2,3,5,3,2,3,2,4,3,0,3,3,5,1,3,4,4,6,4,3,0,3,2,5,3,2,2.946236559139785,1.4320869154094962
37,5,7,5,4,7,11,6,6,7,4,7,6,5,6,2,7,5,8,7,6,6,5,5,6,6,5,7,3,8,8,6,7,6,6,6,8,7,8,6,5,7,9,7,7,7,5,6,6,5,8,7,8,3,3,6,6,3,5,4,6,6,6,7,6,6,6,5,7,6,7,7,6,5,6,6,7,6,6,5,3,6,6,6,7,6,6,7,7,6,8,8,6,4,6.075268817204301,1.4007414253317905
38,0,0,0,0,0,0,0,0,0,0,0,0,0,0,0,0,0,0,0,0,0,0,0,0,0,0,0,0,0,0,0,0,0,0,0,0,0,0,0,0,0,0,0,0,0,0,0,0,0,0,0,0,0,0,0,0,0,0,0,0,0,0,0,0,0,0,0,0,0,0,0,0,0,0,0,0,0,0,0,0,0,0,0,0,0,0,0,0,0,0,0,0,0,0.0,0.0
39,0,0,0,0,0,0,0,0,0,0,0,0,0,0,0,0,0,0,0,0,0,0,0,0,0,0,0,0,0,0,0,0,0,0,0,0,0,0,0,0,0,0,0,0,0,0,0,0,0,0,0,0,0,0,0,0,0,0,0,0,0,0,0,0,0,0,0,0,0,0,0,0,0,0,0,0,0,0,0,0,0,0,0,0,0,0,0,0,0,0,0,0,0,0.0,0.0
40,0,0,1,0,0,0,0,0,0,0,0,0,0,0,0,0,0,0,0,0,0,0,0,1,0,0,0,0,0,0,0,1,0,1,1,0,0,1,0,0,0,0,0,0,0,0,1,1,0,0,1,0,0,0,1,1,0,0,0,1,0,1,0,0,1,0,1,0,0,0,0,0,0,1,0,0,0,0,1,0,1,0,0,0,1,0,0,0,1,0,1,0,0,0.22580645161290322,0.41811230312308745
41,0,0,0,0,0,0,0,0,0,0,0,0,0,0,0,0,0,0,0,0,0,0,0,0,0,0,0,0,0,0,0,0,0,0,0,0,0,0,0,0,0,0,0,0,0,0,0,0,0,0,0,0,0,0,0,0,0,0,0,0,0,0,0,0,0,0,0,0,0,0,0,0,0,0,0,0,0,0,0,0,0,0,0,0,0,0,0,0,0,0,0,0,0,0.0,0.0
42,0,0,0,0,0,0,0,0,0,0,0,0,0,0,0,0,0,0,0,0,0,0,0,0,0,0,0,0,0,0,0,0,0,0,0,0,0,0,0,0,0,0,0,0,0,0,0,0,0,0,0,0,0,0,0,0,0,0,0,0,0,0,0,0,0,0,0,0,0,0,0,0,0,0,0,0,0,0,0,0,0,0,0,0,0,0,0,0,0,0,0,0,0,0.0,0.0
43,3,2,4,1,1,2,2,0,1,2,1,1,1,1,2,1,2,2,2,2,2,1,2,2,1,1,1,2,0,3,2,2,0,0,1,1,2,0,1,0,1,2,2,3,2,2,2,1,2,1,1,1,1,2,3,2,1,2,2,1,2,3,2,0,1,3,2,2,1,0,1,2,3,2,1,2,1,0,2,2,2,2,0,1,2,3,1,1,2,3,1,1,2,1.5483870967741935,0.8489858470172849
44,4,4,2,4,4,4,3,2,1,3,3,3,3,2,3,1,4,3,2,4,2,4,4,5,1,2,4,5,2,3,4,4,2,4,2,3,2,3,4,4,4,4,4,1,2,1,2,3,3,3,6,3,2,3,2,3,3,3,3,5,4,3,4,3,5,5,3,4,3,3,2,2,2,1,2,4,5,3,3,3,3,4,4,3,2,4,3,1,2,0,2,6,3,3.053763440860215,1.1580999585235487
45,7,7,7,5,8,8,11,6,7,7,7,7,6,8,8,6,8,8,10,8,9,6,6,5,7,7,4,6,6,6,5,8,7,6,4,6,10,7,8,7,7,7,8,7,6,6,6,8,8,5,7,8,6,7,6,7,5,7,6,7,6,7,7,7,8,6,6,6,9,6,5,8,7,7,8,5,7,7,8,7,6,5,6,5,7,7,6,8,5,6,4,5,7,6.741935483870968,1.2691816498649027
46,7,3,3,2,2,4,6,5,1,3,5,3,4,3,3,1,3,2,4,4,6,5,4,4,3,4,1,6,7,7,3,3,4,6,4,3,4,3,2,6,4,4,4,3,6,4,5,2,2,5,2,6,4,1,4,4,6,6,4,6,4,1,3,4,4,4,5,1,6,3,4,4,1,5,3,5,4,6,3,4,4,1,5,4,6,4,4,3,4,5,6,4,6,3.924731182795699,1.5186054662570898
47,3,3,1,2,1,2,3,2,2,2,1,2,2,2,2,2,3,4,2,3,1,2,2,2,1,2,2,2,2,3,1,2,3,2,2,4,2,1,1,2,2,3,2,1,2,2,4,1,3,1,1,3,1,1,2,3,0,2,2,2,2,3,3,3,2,1,1,1,1,2,2,1,1,2,1,2,2,1,4,2,1,2,4,4,1,2,1,3,2,3,1,3,1,2.0,0.8798826901281197
48,2,2,2,2,2,3,3,2,3,2,2,2,4,4,2,2,2,2,2,3,2,3,2,4,4,3,3,3,3,2,3,3,2,3,1,2,3,3,1,2,1,4,3,3,2,2,1,3,3,2,2,2,4,3,4,2,2,2,3,2,3,4,3,2,3,2,4,2,2,4,1,3,3,3,3,4,2,3,3,2,2,2,3,2,2,1,2,2,2,2,1,2,3,2.4946236559139785,0.798165314404113
49,12,9,15,14,8,7,11,10,14,13,13,12,10,15,10,12,14,8,13,10,13,10,12,12,8,10,10,10,14,10,10,15,13,14,9,10,13,13,11,16,10,14,10,13,13,11,12,15,10,12,11,11,12,14,13,9,11,10,13,10,10,11,13,13,12,14,10,15,15,12,8,9,11,13,11,10,10,13,10,12,10,14,6,10,9,13,11,10,11,13,10,13,12,11.516129032258064,2.0299526093615845
50,8,7,5,7,9,5,6,6,8,5,10,6,3,5,7,8,7,9,5,6,6,10,7,9,7,8,10,7,4,7,3,6,6,7,5,5,7,6,7,6,6,4,10,11,9,7,6,8,6,4,7,6,8,6,7,7,7,6,7,6,3,6,9,8,4,9,8,12,3,9,6,8,9,8,5,4,7,6,5,6,6,6,8,11,8,7,6,6,8,7,7,7,5,6.774193548387097,1.8146893585171449
51,2,1,4,2,2,1,4,1,3,1,5,0,5,1,1,2,4,1,3,2,1,1,2,0,2,1,2,3,2,2,1,1,1,0,4,3,3,3,3,1,2,2,0,2,1,2,4,0,1,1,3,1,3,2,3,4,2,2,3,2,0,4,3,3,2,3,2,2,2,1,3,2,2,4,2,0,3,2,4,3,2,3,2,3,3,3,1,1,2,2,4,1,1,2.10752688172043,1.1774070800165388
52,1,1,1,0,1,2,2,1,2,1,2,2,2,0,0,2,0,2,2,2,3,2,1,2,1,1,0,0,1,2,2,0,2,1,1,1,3,2,0,0,2,1,1,0,2,3,1,2,1,1,1,3,3,0,0,0,1,0,0,0,3,1,1,3,2,1,1,1,2,1,2,0,1,0,1,2,3,2,1,1,1,0,2,2,1,1,4,1,1,1,2,1,1,1.2903225806451613,0.9226032029725862
53,2,1,2,1,1,0,2,1,2,1,2,2,1,0,2,1,2,2,2,2,1,2,1,2,1,3,1,1,1,1,2,2,0,1,2,2,1,0,1,1,2,1,3,1,1,2,2,1,1,3,1,2,0,1,1,2,1,3,1,1,1,1,1,1,2,2,1,1,2,2,2,2,1,0,2,1,1,1,2,1,1,1,0,2,1,2,1,1,1,3,2,2,1,1.3978494623655915,0.7054287942734078
54,3,4,5,6,4,3,6,3,4,5,5,2,6,2,2,5,3,3,5,2,6,2,6,3,5,4,5,7,3,4,4,7,3,5,2,3,1,4,5,5,3,4,7,6,5,5,1,6,7,2,5,2,3,5,5,5,6,3,3,5,6,9,1,4,5,5,4,7,2,7,4,4,6,7,6,1,7,6,6,4,6,4,5,3,5,4,3,3,5,6,5,7,4,4.419354838709677,1.6741075661099838
55,3,2,1,1,2,3,3,1,1,1,1,4,1,1,5,1,3,2,2,3,2,1,2,3,1,1,2,4,2,2,2,1,2,3,1,1,1,2,1,2,2,2,2,3,1,1,2,2,3,3,0,1,2,3,1,1,1,2,1,1,3,2,0,1,3,2,2,2,4,1,1,1,1,0,4,2,1,1,2,2,3,2,1,1,2,2,2,3,1,1,1,1,1,1.7956989247311828,0.9678614024228461
56,0,0,0,0,0,0,0,0,0,0,0,0,0,0,0,0,0,0,0,0,0,0,0,0,0,0,0,0,0,0,0,0,0,0,0,0,0,0,0,0,0,0,0,0,0,0,0,0,0,0,0,0,0,0,0,0,0,0,0,0,0,0,0,0,0,0,0,0,0,0,0,0,0,0,0,0,0,0,0,0,0,0,0,0,0,0,0,0,0,0,0,0,0,0.0,0.0
57,3,3,2,3,2,2,2,2,4,3,2,1,1,3,2,2,2,3,2,1,2,2,1,3,3,1,2,3,2,2,1,3,1,2,2,2,2,2,2,2,3,1,2,2,3,2,4,1,3,1,2,2,2,2,2,1,4,2,3,1,2,1,3,2,1,2,2,2,2,2,4,4,1,2,2,4,4,3,3,2,3,2,2,3,2,4,1,1,3,2,2,1,3,2.204301075268817,0.8495304178539215
58,1,1,1,2,1,1,0,1,0,1,1,1,2,1,0,2,2,1,1,1,2,2,1,1,0,1,1,1,1,2,1,1,1,1,2,1,0,1,1,1,1,0,0,1,0,1,1,2,1,1,1,0,2,0,1,0,1,1,1,1,0,2,2,1,1,1,2,1,2,1,1,2,0,0,2,1,1,1,1,1,2,0,1,2,0,1,1,1,2,1,2,0,1,1.032258064516129,0.6299276781022283
59,1,1,1,1,0,0,0,3,1,1,1,0,2,3,0,0,0,1,1,0,1,0,1,0,3,0,2,0,3,1,1,0,2,0,1,1,0,0,0,0,1,1,0,0,2,0,1,1,0,2,2,0,0,0,2,1,0,1,0,2,1,0,0,0,1,1,0,0,1,1,2,0,2,1,1,1,1,1,1,0,0,0,0,1,0,0,1,0,1,0,0,0,1,0.7311827956989247,0.8183353802339983
60,4,4,5,6,2,4,3,3,3,5,3,4,7,5,4,5,3,4,7,5,2,3,4,3,4,2,3,2,4,5,3,2,4,5,4,4,4,5,6,3,5,5,5,5,3,5,3,4,4,5,3,4,5,4,5,6,2,7,4,4,6,4,6,2,5,2,4,4,5,6,6,3,3,4,2,4,3,6,2,4,4,6,5,4,4,3,4,6,5,2,5,5,4,4.129032258064516,1.2634294211332993
61,0,0,0,0,0,0,0,0,0,0,0,0,0,0,0,0,0,0,0,1,0,0,0,0,0,0,0,0,0,0,0,0,0,0,0,0,0,0,0,0,0,0,0,0,0,0,0,0,0,0,0,1,0,0,0,0,0,0,0,0,0,0,0,0,0,0,0,0,0,0,0,0,0,0,0,1,0,0,0,0,0,0,0,0,0,0,0,0,0,0,0,0,0,0.03225806451612903,0.1766846959694085
62,1,2,3,3,1,3,2,3,2,2,3,3,1,1,1,2,1,3,2,4,1,1,3,2,1,2,2,2,2,3,1,1,3,1,1,2,2,3,4,1,3,2,2,2,3,2,2,1,2,2,1,3,1,2,3,3,1,2,4,3,2,2,4,2,3,1,1,3,1,1,3,3,3,1,3,1,2,3,2,2,2,1,1,3,1,4,3,4,2,1,1,3,2,2.10752688172043,0.9212236555098448
63,9,5,9,6,6,10,9,7,7,8,5,5,7,9,6,11,6,5,5,7,8,9,3,10,8,10,8,7,7,5,8,7,11,8,10,8,6,10,6,6,6,5,5,6,6,10,8,8,8,6,7,11,9,7,5,6,6,8,5,6,6,8,11,8,5,8,10,6,4,7,9,4,8,7,7,5,9,4,9,9,6,6,11,6,11,8,10,10,4,10,4,9,7,7.32258064516129,1.9792541786520026
64,5,2,3,2,4,4,3,5,5,1,4,2,2,2,3,6,5,1,2,4,3,4,4,1,5,2,2,2,1,2,2,3,4,3,2,4,5,4,3,3,1,3,3,4,5,3,4,3,2,4,2,4,4,4,5,3,4,2,2,6,1,4,3,3,2,4,4,1,3,2,2,3,6,3,4,5,3,3,2,3,2,3,1,4,4,2,6,3,4,4,5,2,3,3.182795698924731,1.27798763652912
65,1,1,1,2,1,0,1,0,1,0,2,0,1,1,0,0,1,0,0,0,1,1,1,1,1,1,1,1,0,1,1,1,1,0,1,2,1,0,1,2,0,2,1,1,1,0,1,0,1,0,1,1,0,0,2,1,1,0,1,0,0,2,0,0,0,1,2,0,1,1,1,1,1,1,0,1,1,0,1,1,0,0,1,1,0,1,0,0,1,1,1,0,0,0.7204301075268817,0.6111084833713042
66,7,8,8,5,6,7,7,1,7,3,5,7,8,6,9,5,3,6,2,3,4,6,10,8,5,3,7,7,5,5,5,6,5,4,3,5,6,9,6,8,9,4,6,5,6,7,5,6,6,8,2,6,5,4,8,5,6,7,6,4,6,8,3,4,7,8,9,8,9,6,8,5,6,6,6,5,5,5,6,6,6,6,6,4,3,5,6,5,12,4,6,4,5,5.838709677419355,1.868184804589711
67,6,3,3,5,3,6,3,3,4,3,5,3,2,1,3,7,3,4,2,4,2,4,4,7,6,7,3,4,3,5,3,3,7,4,5,3,4,3,3,3,4,2,3,3,4,6,4,5,5,4,7,3,4,4,3,4,5,3,4,2,4,4,2,4,4,4,3,5,3,3,5,3,4,4,6,5,4,5,3,4,3,7,4,4,5,6,5,4,4,2,4,4,4,3.978494623655914,1.294973696113944
68,8,7,10,11,11,9,7,13,15,10,14,13,12,12,11,8,12,9,12,11,11,12,8,10,14,11,11,9,10,11,13,11,15,14,9,13,10,10,12,10,11,8,11,13,11,10,13,8,12,9,12,10,9,10,8,12,14,10,10,12,9,12,10,10,12,13,9,10,12,9,9,12,14,13,12,13,13,11,11,8,9,11,10,9,10,11,9,13,15,11,11,13,11,10.935483870967742,1.8538332945948668
69,4,5,5,4,3,3,5,4,6,2,3,4,4,2,1,6,5,5,0,4,2,5,5,2,2,5,3,1,1,3,2,2,2,3,5,4,5,3,3,3,2,2,3,4,6,4,5,3,3,5,5,4,4,3,5,6,4,6,4,4,4,5,6,4,3,4,4,4,3,3,3,4,3,4,3,7,2,3,4,4,3,3,3,3,3,3,2,3,4,4,3,5,5,3.6451612903225805,1.300497516794913
70,3,2,3,2,2,4,2,0,2,1,1,1,2,1,4,2,2,2,1,2,2,5,1,1,3,0,4,0,2,0,5,3,0,4,1,0,1,2,1,2,1,3,1,0,1,3,2,4,0,1,1,0,5,4,0,1,1,1,3,1,4,0,2,2,2,2,3,0,0,3,0,0,3,2,3,0,2,3,2,2,2,2,1,1,2,0,0,3,1,3,3,4,2,1.8064516129032258,1.33003407277989
71,0,2,0,0,1,0,0,0,1,1,1,0,0,1,0,2,0,3,0,2,0,1,1,1,1,1,0,1,0,1,0,1,0,0,1,0,1,0,1,0,1,0,1,1,1,0,0,0,1,1,0,0,0,0,1,0,0,1,0,0,0,1,1,0,1,0,1,1,2,0,1,0,0,1,2,1,1,0,1,2,0,1,1,0,1,1,1,0,1,1,0,0,0,0.6021505376344086,0.6581137095956714
72,7,3,4,4,5,2,4,3,3,4,6,4,3,4,2,3,4,3,3,1,2,3,2,2,4,1,4,3,4,2,4,3,5,3,1,4,3,5,3,4,4,3,3,3,3,4,4,4,5,4,2,4,3,2,3,4,2,2,2,1,4,5,3,4,1,4,3,2,2,5,2,4,5,2,4,3,3,2,4,5,6,2,4,2,4,2,4,4,3,5,3,5,4,3.3440860215053765,1.1958226902759443
73,1,4,1,2,2,1,3,4,5,3,2,1,3,2,3,3,3,1,3,2,2,3,2,4,3,4,2,4,3,2,2,3,6,4,3,2,7,3,2,3,4,2,1,3,2,2,2,2,3,3,3,4,5,4,4,2,2,1,2,4,1,4,3,1,2,1,2,2,3,4,4,4,4,5,1,4,5,2,2,3,3,3,2,4,5,3,4,5,5,3,4,2,3,2.913978494623656,1.2413651345945635
74,0,0,0,0,0,0,0,0,0,0,0,0,0,0,0,0,0,0,0,0,0,0,0,0,0,0,0,0,0,0,0,0,0,0,0,0,0,0,0,0,0,0,0,0,0,0,0,0,0,0,0,0,0,0,0,0,0,0,0,0,0,0,0,0,0,0,0,0,0,0,0,0,0,0,0,0,0,0,0,0,0,0,0,0,0,0,0,0,0,0,0,0,0,0.0,0.0
75,6,9,11,6,4,6,5,6,6,6,7,5,4,6,9,6,8,6,8,7,6,8,4,7,5,8,3,9,7,5,9,5,7,8,7,3,6,6,8,7,6,8,5,4,6,4,6,7,4,6,5,4,6,7,9,7,6,7,9,5,5,8,6,7,8,6,8,10,6,5,4,5,3,4,10,8,7,8,5,6,5,3,8,7,4,4,8,3,6,7,6,5,6,6.247311827956989,1.733018461755336
76,3,2,3,2,2,4,5,7,6,2,3,4,4,3,1,3,4,7,2,3,3,5,3,4,3,5,4,3,3,6,3,2,3,2,2,5,4,1,3,2,4,4,5,3,3,3,3,1,5,2,5,3,3,2,1,3,4,4,3,4,4,3,3,6,3,4,5,2,7,6,3,2,4,1,1,2,4,3,4,8,2,4,2,3,2,5,3,8,3,4,2,2,1,3.4086021505376345,1.5397008447026876
77,0,0,0,0,0,0,0,0,0,0,0,0,0,0,0,0,0,0,0,0,0,0,0,0,0,0,0,0,0,0,0,0,0,0,0,1,0,0,0,0,0,0,0,0,0,0,0,0,0,0,0,0,0,0,0,1,0,0,0,0,0,0,0,0,0,0,0,0,0,0,0,0,0,0,0,0,0,0,0,0,0,0,0,0,0,0,0,0,0,0,0,0,0,0.021505376344086023,0.14506169422830137
78,0,1,0,0,1,0,0,0,0,1,0,1,0,0,0,0,0,0,0,0,2,0,0,0,1,1,1,0,0,0,0,1,1,1,0,0,0,1,0,1,0,0,0,0,0,0,1,0,1,0,0,0,1,1,0,0,2,1,0,0,0,0,1,0,0,1,0,1,0,1,0,0,1,0,1,0,1,0,0,1,0,0,0,0,0,0,0,1,0,0,0,1,1,0.34408602150537637,0.5183643351911372
79,4,8,5,5,3,3,5,6,4,5,3,3,2,4,6,4,5,4,4,4,3,6,3,5,5,6,5,5,3,5,4,3,4,4,4,5,6,3,5,4,3,3,5,3,6,4,6,6,4,5,5,5,5,5,6,4,6,5,2,6,8,6,6,5,3,5,2,3,6,2,5,7,6,6,3,6,5,2,4,4,5,5,4,6,6,3,5,5,7,5,7,6,6,4.655913978494624,1.3399937702945708
80,2,1,1,1,0,1,0,1,0,0,0,0,0,0,0,2,0,0,1,0,0,0,0,0,0,2,0,0,0,0,2,0,0,0,0,2,1,0,1,0,0,0,0,1,0,0,1,1,0,0,1,0,0,0,2,0,0,0,0,0,0,0,0,0,1,0,1,0,0,0,0,0,0,1,1,1,1,0,1,0,0,1,0,0,0,0,1,2,0,1,1,0,1,0.40860215053763443,0.6262460119811202
81,0,0,0,0,0,0,0,0,0,0,0,0,0,0,0,0,0,0,0,0,0,0,0,0,0,0,0,0,0,0,0,0,0,0,0,0,0,0,0,0,0,0,0,0,0,0,0,0,0,0,0,0,0,0,0,0,0,0,0,0,0,0,0,0,0,0,0,0,0,0,0,0,0,0,0,0,0,0,0,0,0,0,0,0,0,0,0,0,0,0,0,0,0,0.0,0.0
82,0,0,0,0,0,0,1,0,0,2,0,0,0,0,0,0,0,0,0,1,0,0,0,0,0,1,0,0,0,0,1,0,1,0,0,0,0,0,0,0,0,0,0,0,0,0,0,0,1,0,0,0,0,0,0,0,1,0,0,1,1,0,0,0,0,0,0,0,0,0,0,0,0,0,1,0,1,1,0,0,0,1,0,0,0,0,0,0,0,0,0,0,0,0.16129032258064516,0.39595597074240824
83,2,2,1,2,1,1,2,2,1,2,0,1,0,2,2,2,2,2,2,1,1,1,2,0,1,2,2,1,2,2,2,1,0,0,0,2,2,0,2,1,2,2,1,2,2,2,1,2,2,1,1,0,2,2,2,1,1,2,2,0,1,1,2,3,0,1,1,3,2,3,2,2,2,0,0,1,0,1,1,1,1,2,2,2,1,1,1,2,1,2,1,1,2,1.3978494623655915,0.7639707384228653
84,0,0,0,0,0,0,0,0,0,0,0,0,0,0,0,0,0,0,0,0,0,0,0,0,0,0,0,0,0,0,0,0,0,0,0,0,0,0,0,0,0,0,0,0,0,0,0,0,0,0,0,0,0,0,0,0,0,0,0,0,0,0,0,0,0,0,0,0,0,0,0,0,0,0,0,0,0,0,0,0,0,0,0,0,0,0,0,0,0,0,0,0,0,0.0,0.0
85,0,0,0,0,0,0,0,0,0,0,0,0,0,0,0,0,0,0,0,0,0,0,0,0,0,0,0,0,0,0,0,0,0,0,0,0,0,0,0,0,0,0,0,0,0,0,0,0,0,0,0,0,0,0,0,0,0,0,0,0,0,0,0,0,0,0,0,0,0,0,0,0,0,0,0,0,0,0,0,0,0,0,0,0,0,0,0,0,0,0,0,0,0,0.0,0.0
86,0,0,0,0,0,0,0,0,0,0,0,0,0,0,0,0,0,0,0,0,0,0,0,0,0,0,0,0,0,0,0,0,0,0,0,0,0,0,0,0,0,0,0,0,0,0,0,0,0,0,0,0,0,0,0,0,0,0,0,0,0,0,0,0,0,0,0,0,0,0,0,0,0,0,0,0,0,0,0,0,0,0,0,0,0,0,0,0,0,0,0,0,0,0.0,0.0
87,0,0,0,0,0,0,0,0,0,0,0,0,0,0,0,0,0,0,0,0,0,0,0,0,0,0,0,0,0,0,0,0,0,0,0,0,0,0,0,0,0,0,0,0,0,0,0,0,0,0,0,0,0,0,0,0,0,0,0,0,0,0,0,0,0,0,0,0,0,0,0,0,0,0,0,0,0,0,0,0,0,0,0,0,0,0,0,0,0,0,0,0,0,0.0,0.0
88,2,2,2,3,5,2,2,3,2,2,2,2,3,3,1,1,2,1,0,2,2,1,2,2,4,1,2,2,2,1,4,2,3,1,3,2,2,2,4,2,2,2,1,1,4,2,2,2,2,2,1,1,2,1,2,1,4,2,3,1,0,2,2,2,2,2,1,2,4,1,3,2,1,2,2,2,1,2,2,2,2,2,1,3,3,2,1,1,0,3,2,2,2,1.989247311827957,0.9098578839271477
89,1,1,0,1,1,2,0,2,1,1,2,2,0,1,2,1,3,0,0,2,0,2,1,1,1,2,1,1,0,0,0,1,1,0,1,2,0,1,0,1,1,1,1,0,2,1,0,0,0,1,3,3,1,1,1,2,1,1,1,1,1,1,1,1,1,3,1,0,1,0,1,1,3,0,0,2,1,1,1,1,1,2,0,2,1,1,1,1,2,3,2,2,0,1.075268817204301,0.819605978501484
90,1,2,1,0,0,2,1,1,1,2,0,0,1,2,1,1,0,2,2,2,2,2,2,3,0,1,1,2,1,1,2,2,3,2,2,2,4,1,3,2,1,1,1,1,2,3,1,1,1,0,1,2,2,1,2,2,1,2,1,2,2,1,1,1,2,1,1,1,1,2,0,0,2,2,2,2,1,1,4,2,1,0,2,1,2,2,2,1,2,1,1,1,1,1.4408602150537635,0.8225630752217328
91,0,0,0,0,0,0,0,0,0,0,0,1,0,0,0,0,0,0,0,0,0,1,0,1,1,0,0,1,0,1,1,1,0,0,0,0,0,0,1,0,0,0,3,2,0,1,0,0,1,2,0,2,0,0,0,0,1,0,0,0,0,1,1,0,2,1,0,0,0,0,2,0,0,0,0,0,1,0,0,1,0,0,0,0,0,0,0,0,0,0,1,0,0,0.3333333333333333,0.6279054331465136
92,1,1,1,1,2,1,1,1,1,2,1,1,1,1,1,2,1,1,2,1,1,1,2,1,2,1,1,2,1,2,2,2,2,1,2,1,1,1,1,1,2,1,1,0,2,1,1,1,2,1,2,1,1,0,2,1,1,1,0,1,2,2,2,1,1,0,1,2,1,1,1,1,0,1,1,1,1,1,2,1,2,1,1,2,1,2,1,0,1,1,1,1,1,1.2043010752688172,0.5399948184726759
93,1,2,4,3,2,2,2,1,1,1,4,3,4,3,3,2,1,3,1,2,4,2,2,3,4,4,2,0,4,0,2,3,3,1,3,2,1,2,2,1,4,3,4,0,2,1,5,2,1,3,4,2,1,5,2,1,2,3,2,2,3,1,5,3,1,1,0,1,0,2,0,5,2,3,1,0,0,3,0,0,4,1,1,3,2,1,2,3,4,1,4,1,2,2.139784946236559,1.3407701032917272
94,0,0,0,0,0,0,0,0,0,0,0,0,0,0,0,0,0,0,0,0,0,0,0,0,0,0,0,0,0,0,0,0,0,0,0,0,0,0,0,0,0,0,0,0,0,0,0,0,0,0,0,0,0,0,0,0,0,0,0,0,0,0,0,0,0,0,0,0,0,0,0,0,0,0,0,0,0,0,0,0,0,0,0,0,0,0,0,0,0,0,0,0,0,0.0,0.0
95,2,2,2,2,1,1,2,3,2,1,1,0,1,0,2,2,1,1,2,1,1,2,4,1,2,1,2,2,0,1,1,2,2,2,1,1,1,1,2,1,1,1,2,1,1,1,3,2,1,1,1,1,2,2,1,1,1,1,1,1,2,1,1,2,1,1,2,1,1,3,0,2,1,1,1,2,1,2,1,1,1,1,1,0,3,2,1,3,2,2,1,1,2,1.4193548387096775,0.7232331922924835
96,0,0,0,0,0,0,0,0,0,0,0,0,0,0,0,0,0,0,0,0,0,0,0,0,0,0,0,0,0,0,0,0,0,0,0,0,0,0,0,0,0,0,0,0,0,0,0,0,0,0,0,0,0,0,0,0,0,0,0,0,0,0,0,0,0,0,0,0,0,0,0,0,0,0,0,0,0,0,0,0,0,0,0,0,0,0,0,0,0,0,0,0,0,0.0,0.0
97,3,1,2,2,2,3,1,1,2,2,4,2,2,3,0,1,2,2,3,0,3,2,3,2,2,3,1,1,2,2,2,3,2,3,1,2,2,4,1,2,2,2,2,1,2,3,1,3,1,0,3,4,1,0,2,2,3,2,2,2,1,2,3,2,3,2,4,1,2,2,2,1,0,1,1,2,1,3,5,2,4,4,1,0,4,2,3,2,2,3,2,3,3,2.064516129032258,1.0349427454207283
98,3,0,1,1,2,1,4,3,2,2,2,4,3,1,3,1,2,1,2,2,3,2,3,2,2,2,2,2,3,1,2,2,3,2,2,2,2,4,1,3,2,1,2,3,3,3,2,4,4,2,3,2,2,3,2,2,1,2,1,3,2,3,2,3,3,4,4,2,1,1,2,1,3,2,1,2,3,2,2,3,3,5,1,2,3,2,3,3,1,1,3,3,3,2.2688172043010755,0.9290969710635679
99,1,4,3,2,2,2,3,3,3,4,2,3,4,2,1,4,1,2,1,3,2,2,2,3,5,2,5,4,4,2,3,3,2,2,3,4,3,3,3,3,2,4,3,3,5,2,2,3,4,3,3,3,2,1,4,3,2,3,3,3,5,4,2,4,4,2,2,4,2,2,3,2,2,3,3,5,2,2,3,3,3,2,4,3,2,4,3,5,3,3,2,2,2,2.849462365591398,0.983150920487093
100,0,0,0,0,0,1,0,0,1,1,0,0,0,0,1,0,0,0,0,0,0,0,0,1,1,0,0,0,0,1,1,0,1,1,1,0,0,0,0,0,0,1,2,0,0,0,0,0,0,0,0,1,0,0,0,0,0,1,0,1,0,0,0,0,0,0,0,0,0,1,0,0,0,0,0,0,0,0,0,0,0,0,0,1,0,0,0,0,0,0,2,0,0,0.22580645161290322,0.46672117019807924
101,7,6,6,7,7,8,8,6,5,7,5,5,7,2,7,3,7,5,7,7,5,6,9,5,5,6,3,4,4,7,7,6,4,7,7,4,6,6,4,3,5,4,6,4,8,5,9,4,2,5,5,8,5,5,6,6,7,4,10,8,2,9,4,3,5,4,6,4,4,5,5,6,6,2,5,8,3,10,5,7,8,7,4,4,7,10,9,8,7,8,8,9,5,5.838709677419355,1.902405509391836
102,0,0,0,0,0,0,0,0,0,0,0,0,0,0,0,0,0,0,0,0,0,0,0,0,0,0,0,0,0,0,0,0,0,0,0,0,0,0,0,0,0,0,0,0,1,0,0,0,0,0,0,0,0,0,0,0,0,0,0,0,0,0,0,0,0,0,0,0,0,0,0,0,0,0,0,0,0,0,0,0,0,0,0,0,0,0,0,0,0,0,1,0,0,0.021505376344086023,0.14506169422830154
103,1,0,0,1,1,1,0,0,2,0,1,1,1,0,1,0,2,1,0,0,0,1,0,0,2,2,2,0,0,0,2,1,0,1,1,2,2,1,2,1,1,0,0,0,0,1,1,1,0,0,0,0,1,1,0,1,0,2,0,0,1,1,0,0,0,0,1,0,1,1,1,0,2,3,2,1,0,1,0,0,0,0,0,2,0,0,1,0,1,0,1,0,1,0.6774193548387096,0.7500722592083997
104,0,0,0,0,0,0,0,0,0,0,0,0,0,0,0,0,0,0,0,0,0,0,0,0,0,0,0,0,0,0,0,0,0,0,0,0,0,0,0,0,0,0,0,0,0,0,0,0,0,0,0,0,0,0,0,0,0,0,0,0,0,0,0,0,0,0,0,0,0,0,0,0,0,0,0,0,0,0,0,0,0,0,0,0,0,0,0,0,0,0,0,0,0,0.0,0.0
105,2,0,1,2,3,2,0,0,2,0,2,4,2,1,1,3,3,1,1,0,2,1,2,1,1,2,2,2,3,0,1,1,2,1,1,2,3,2,4,1,3,0,3,1,3,1,2,1,0,2,4,4,2,2,2,1,1,2,2,2,2,2,2,2,0,2,2,0,1,2,3,0,3,2,1,3,1,2,2,1,2,3,2,2,2,2,1,0,1,3,0,3,2,1.6989247311827957,1.024274684224504
106,0,0,1,0,0,1,1,0,0,0,0,2,0,0,1,0,0,0,0,0,0,0,0,0,0,2,0,0,0,0,0,0,0,0,0,0,1,0,1,0,0,2,0,1,0,0,0,0,2,1,1,0,1,0,1,0,1,0,0,1,0,1,0,0,0,0,0,0,1,0,0,0,0,0,0,0,0,0,0,1,1,0,0,0,0,0,0,0,2,1,0,0,0,0.3010752688172043,0.5638757248226623
107,0,0,0,0,0,0,0,0,0,0,0,0,0,0,0,0,0,0,0,0,0,0,0,0,0,0,0,0,0,0,0,0,0,0,0,0,0,0,0,0,0,0,0,0,0,0,0,0,0,0,0,0,0,0,0,0,0,0,0,0,0,0,0,0,0,0,0,0,0,0,0,0,0,0,0,0,0,0,0,0,0,0,0,0,0,0,0,0,0,0,0,0,0,0.0,0.0
108,1,1,2,0,1,0,2,2,1,0,2,2,0,2,1,1,2,0,0,0,2,3,0,1,1,0,0,1,0,1,2,1,0,3,1,1,1,1,0,1,1,2,1,1,0,1,1,1,0,0,0,2,1,1,2,1,1,0,0,0,1,1,0,1,1,1,0,0,2,0,1,0,2,0,0,1,0,1,0,0,0,1,1,1,0,0,1,2,2,0,1,0,1,0.8387096774193549,0.7799961756267583
109,1,1,1,2,1,2,3,1,1,1,2,1,1,1,1,2,1,2,1,2,1,1,2,1,1,1,1,2,1,1,1,1,1,1,0,1,2,0,1,1,1,2,1,1,1,1,1,1,1,1,1,1,2,1,1,2,1,1,1,2,1,1,1,2,2,0,1,2,1,1,1,2,1,1,1,2,1,1,2,1,0,2,2,2,1,1,1,0,2,2,1,0,1,1.2150537634408602,0.5651046599342325
110,2,2,3,2,2,2,2,6,1,3,1,3,3,3,1,6,4,2,4,4,4,3,3,1,3,3,2,3,3,5,2,5,3,4,2,3,3,2,2,3,3,2,1,3,3,2,3,4,4,3,1,2,3,2,5,4,2,4,4,4,4,4,4,3,2,2,3,2,3,3,2,2,4,3,3,1,3,4,2,3,4,3,4,3,3,3,3,3,4,1,2,1,5,2.903225806451613,1.0980384869866444
111,1,3,2,2,2,5,3,2,5,3,2,4,3,2,3,2,3,3,3,2,1,2,3,1,1,5,4,4,3,5,3,2,3,4,3,4,5,2,3,3,2,5,2,2,3,4,1,3,2,4,3,4,2,0,2,3,5,4,2,2,2,3,1,2,2,1,2,4,4,1,4,2,3,3,2,6,2,4,2,1,3,4,2,0,1,4,1,2,2,1,2,3,4,2.6989247311827955,1.233797758270414
112,5,7,8,4,6,6,5,4,5,6,6,7,5,6,10,4,3,6,6,9,6,9,6,8,9,4,5,9,6,7,6,6,7,7,7,8,4,8,6,6,8,4,6,4,8,7,9,2,9,7,7,6,2,4,6,2,8,6,7,3,6,7,3,6,4,7,8,8,9,9,6,6,9,5,6,2,6,5,3,4,3,5,8,5,4,9,5,7,3,5,7,6,9,6.043010752688172,1.917177464397052
113,3,2,4,2,2,3,2,3,1,3,3,4,2,3,2,1,1,3,3,4,4,3,3,3,4,2,2,5,2,4,2,4,4,4,0,2,2,2,3,1,5,5,1,4,2,3,4,3,2,3,3,3,4,2,4,3,4,1,3,2,4,3,3,5,1,3,2,1,3,3,1,4,3,2,3,2,4,5,4,5,1,4,1,4,4,3,4,6,2,2,2,5,2,2.89247311827957,1.204493072252942
114,0,0,0,0,0,0,0,0,0,0,0,0,0,0,0,0,1,0,0,0,0,0,0,0,0,0,0,0,0,0,0,0,0,0,0,0,0,0,0,0,0,0,0,0,0,0,0,0,0,0,0,0,0,0,0,0,0,0,0,0,0,0,0,0,0,0,0,0,0,0,0,0,0,0,0,0,0,0,0,0,0,0,0,0,0,0,0,0,0,0,0,0,0,0.010752688172043012,0.10313616179167151
115,5,5,4,4,5,6,4,4,4,4,4,4,5,3,4,4,5,4,6,4,4,4,4,4,5,8,5,4,5,4,7,5,5,4,4,5,6,5,3,5,3,7,4,5,4,6,4,7,2,6,6,7,4,4,4,5,4,6,3,4,6,5,2,5,5,5,6,5,2,4,5,3,5,4,4,7,4,5,3,4,7,4,6,6,5,4,3,4,5,5,5,3,5,4.623655913978495,1.1631804609907341
116,2,4,3,2,2,1,3,3,3,3,1,2,4,4,1,2,2,2,2,3,4,1,2,4,2,5,3,2,3,2,1,4,3,2,2,2,2,2,4,4,1,3,0,4,3,2,1,2,3,3,3,3,3,3,4,3,3,3,4,2,0,1,4,3,2,3,2,1,2,2,3,3,2,2,2,3,4,3,2,3,4,3,2,2,3,3,2,3,2,1,3,2,3,2.5376344086021505,0.9789081012250358
117,3,3,5,2,3,4,2,4,3,3,4,4,4,2,3,6,4,3,3,4,5,3,4,5,5,3,4,4,3,3,5,3,3,3,5,4,4,3,4,5,4,3,3,2,2,4,4,3,3,6,4,5,5,5,3,6,3,2,7,2,6,4,3,3,3,2,3,1,4,3,2,4,3,5,4,2,3,4,4,3,1,6,3,4,1,6,3,4,3,2,5,3,2,3.5698924731182795,1.2128155234058942
118,7,8,9,6,6,8,7,6,8,8,6,10,3,3,9,6,4,5,6,10,6,9,10,6,5,7,6,7,7,9,8,11,4,9,6,1,7,8,8,4,6,8,6,11,7,10,4,9,8,8,6,6,8,8,8,4,10,5,6,6,5,7,11,7,9,9,11,10,7,8,8,8,7,7,6,8,11,5,6,6,5,6,7,6,7,9,5,8,8,13,8,10,9,7.247311827956989,2.0617140482476755
119,1,1,1,1,2,0,1,1,2,2,2,1,1,2,2,1,3,1,1,2,1,2,1,1,0,1,3,2,2,2,2,1,2,2,1,1,2,2,2,2,1,1,1,2,1,1,2,3,2,2,1,1,2,2,1,0,2,1,0,1,2,2,1,1,1,1,1,0,1,2,3,1,2,3,2,1,1,2,1,2,2,1,1,3,1,0,2,1,2,2,1,1,1,1.4516129032258065,0.7111421833886646
120,3,1,3,2,2,5,5,3,1,4,2,2,2,3,4,4,3,3,4,1,2,1,3,1,3,3,2,4,4,3,5,3,3,2,4,2,3,2,2,1,3,1,2,3,2,4,2,1,5,2,1,5,2,5,4,3,1,3,3,3,2,4,2,3,3,2,2,4,3,4,1,3,2,2,1,4,2,2,4,4,4,2,5,1,4,3,5,2,3,2,3,3,1,2.763440860215054,1.1676448998278046
121,6,8,6,7,8,6,7,5,6,8,6,7,8,8,5,6,7,6,9,6,8,7,7,7,7,5,7,8,6,6,10,8,7,7,7,5,6,8,5,7,6,8,7,8,7,8,12,8,7,8,8,8,9,8,6,8,5,8,7,6,7,7,7,9,7,9,6,7,8,7,7,7,4,8,6,6,5,8,8,6,8,8,7,6,7,8,7,7,6,8,8,7,6,7.064516129032258,1.207560872375609
122,0,0,1,0,1,0,0,0,0,1,0,1,0,1,0,0,1,0,0,0,0,0,0,1,0,0,0,0,1,0,0,0,0,0,0,1,1,0,0,0,1,0,1,1,0,0,0,0,0,1,0,0,0,0,1,0,1,1,0,0,0,0,2,0,0,0,0,0,0,1,0,0,0,0,0,1,1,0,0,0,0,0,1,1,0,3,1,1,0,0,0,0,0,0.3118279569892473,0.5482816681282563
123,8,8,8,7,9,7,9,9,7,8,6,8,7,11,8,8,8,6,9,9,10,7,6,8,7,8,7,8,8,10,7,10,7,9,5,8,9,7,7,8,6,10,10,8,8,6,8,8,8,7,10,6,9,8,10,6,7,7,10,9,7,8,7,10,7,6,7,8,7,7,8,8,7,9,9,7,6,6,8,9,6,8,7,6,7,6,7,9,9,8,7,8,7,7.774193548387097,1.2367928717858594
124,0,0,0,0,0,0,0,0,0,0,0,0,0,0,0,0,0,0,0,0,0,0,0,0,0,0,1,0,0,0,0,0,0,0,0,0,0,0,0,0,0,0,0,0,0,0,0,0,0,0,0,0,0,0,0,0,0,0,0,1,0,0,0,0,0,0,0,1,0,0,0,0,0,0,0,0,0,0,0,0,0,0,0,0,0,0,0,0,0,0,0,0,0,0.03225806451612903,0.17668469596940858
125,0,1,0,1,0,0,0,0,1,0,1,0,0,1,1,1,0,1,0,0,0,0,0,2,1,0,1,0,1,0,2,0,2,1,1,1,1,0,1,1,0,1,1,1,1,0,0,1,0,1,1,0,0,0,1,0,1,0,1,0,1,2,0,0,0,0,1,0,2,1,0,1,0,0,1,0,0,0,0,0,0,0,1,1,0,0,1,0,1,1,0,0,0,0.5053763440860215,0.5979113451379722
126,2,5,4,3,2,5,3,2,3,2,3,2,4,1,3,2,2,2,1,2,1,2,2,1,1,2,3,2,2,2,2,1,2,2,2,0,2,1,2,4,2,3,2,5,3,3,3,2,3,4,4,0,3,2,4,2,4,1,2,1,1,2,0,1,1,3,3,1,2,4,1,3,1,3,1,3,3,1,1,2,1,2,2,2,4,3,1,4,2,1,1,1,0,2.182795698924731,1.144845733695154
127,9,10,8,9,12,7,9,13,9,9,9,10,9,11,10,7,10,12,9,8,10,8,6,8,11,8,7,8,7,12,7,12,11,8,13,12,10,11,10,9,9,9,7,14,10,8,10,9,10,7,11,12,8,10,8,10,8,11,9,10,9,10,9,7,11,9,8,13,11,7,10,14,12,11,10,9,8,8,11,12,11,9,11,11,11,9,9,9,10,9,11,9,8,9.612903225806452,1.7103873551372069
128,3,3,2,3,0,5,2,3,1,3,3,2,3,0,1,1,1,1,1,2,1,3,2,4,3,3,4,3,3,2,3,0,3,1,1,1,2,3,3,2,2,2,6,3,2,3,3,4,0,4,3,5,3,4,2,2,1,1,3,3,3,3,2,2,1,2,2,2,2,4,4,3,3,1,3,3,2,1,0,4,2,2,2,3,3,2,2,1,3,3,4,1,1,2.3548387096774195,1.1790752827417457
129,4,4,4,3,3,3,5,4,5,5,3,4,4,5,3,3,4,3,4,4,5,4,5,3,5,4,4,4,4,2,5,3,5,4,4,5,5,4,4,5,4,5,3,2,4,3,3,4,3,5,4,5,4,4,3,4,3,4,3,3,3,5,4,3,3,6,4,5,2,4,5,4,5,3,4,4,3,5,3,4,3,4,4,4,3,2,4,3,5,3,6,3,3,3.870967741935484,0.8826378652142429
130,0,0,0,0,0,0,0,0,0,0,0,0,0,0,0,0,0,0,0,0,0,0,0,0,0,0,0,0,0,0,0,0,0,0,0,0,0,0,0,0,0,0,0,0,0,0,0,0,0,0,0,0,0,0,0,0,0,0,0,0,0,0,0,0,0,0,0,0,0,0,0,0,0,0,0,0,0,0,0,0,0,0,0,0,0,0,0,0,0,0,0,0,0,0.0,0.0
131,0,0,0,0,1,0,0,1,1,0,0,1,0,0,0,1,1,0,0,0,0,1,0,0,2,1,1,0,0,0,0,0,1,0,0,1,1,0,1,0,1,0,0,0,1,0,0,0,0,0,1,0,0,1,0,1,0,0,0,0,0,1,0,0,0,0,0,0,0,0,1,0,1,1,0,2,0,0,0,0,0,1,1,0,1,0,0,0,0,1,1,0,0,0.3333333333333333,0.5150077425732491
132,1,0,0,1,0,1,0,1,1,1,0,0,1,1,0,1,0,1,1,0,1,0,1,0,1,0,1,0,1,0,0,1,1,0,1,1,1,0,1,0,0,0,1,1,1,1,1,1,1,0,1,1,2,0,0,1,1,1,0,1,1,1,1,0,0,0,0,0,1,1,1,0,1,1,1,0,0,1,1,1,1,1,1,1,1,1,1,0,1,1,1,0,1,0.6451612903225806,0.5004333883105415
133,0,1,0,0,0,0,0,0,0,0,0,0,0,0,0,0,0,1,0,0,0,0,0,0,0,0,0,1,0,0,0,0,0,0,0,0,0,0,0,0,0,0,0,0,0,0,0,0,0,1,0,0,0,0,0,0,0,0,0,0,1,0,0,0,1,0,0,0,0,0,0,1,0,0,0,0,0,0,0,0,0,0,0,0,0,0,1,0,0,0,0,1,0,0.0967741935483871,0.29565004483586077
134,1,1,1,4,1,1,1,3,3,1,1,2,2,1,0,3,2,2,2,2,1,1,2,1,2,3,3,2,1,2,1,2,3,1,3,3,3,2,3,1,2,2,1,2,3,3,3,2,2,1,1,2,1,1,3,3,2,2,2,2,1,2,3,1,1,2,1,2,3,2,2,2,3,3,2,4,4,3,2,1,2,2,2,2,3,3,0,2,3,1,2,1,1,1.956989247311828,0.8788308276001092
135,0,0,0,0,0,0,0,0,0,0,0,0,0,0,0,0,0,0,0,0,0,0,0,0,0,0,0,0,0,0,0,0,0,0,0,0,0,0,0,0,0,0,0,0,0,0,0,0,0,0,0,0,0,0,0,0,0,0,0,0,0,0,0,0,0,0,0,0,0,0,0,0,0,0,0,0,0,0,0,0,0,0,0,0,0,0,0,0,0,0,0,0,0,0.0,0.0
136,0,0,0,0,0,0,0,0,0,0,0,0,0,0,0,0,0,0,0,0,0,0,0,0,0,0,0,0,0,0,0,0,0,0,0,0,0,0,0,0,0,0,0,0,0,0,0,0,0,0,0,0,0,0,0,0,0,0,0,0,0,0,0,0,0,0,0,0,0,0,0,0,0,0,0,0,0,0,0,0,0,0,0,0,0,1,0,0,0,0,0,0,0,0.010752688172043012,0.1031361617916714
137,4,2,6,3,1,1,3,1,1,0,2,3,1,0,0,2,2,0,3,2,1,4,4,0,2,2,2,4,2,3,2,2,1,2,2,4,4,4,2,2,2,0,3,1,3,4,1,3,4,1,2,2,2,2,1,2,1,2,1,1,4,1,0,2,2,2,2,0,3,1,3,3,2,5,1,4,4,1,5,3,2,2,4,1,1,4,4,4,2,3,2,1,2,2.193548387096774,1.3137655354237645
138,0,0,0,0,0,0,0,0,0,0,0,0,0,0,1,0,0,0,0,0,0,0,0,0,0,0,0,0,0,0,0,0,0,0,0,1,0,0,0,0,1,0,0,0,0,0,0,0,0,0,0,0,0,0,0,0,0,0,0,0,0,0,0,0,0,0,0,0,0,0,0,0,1,0,0,0,0,0,0,0,0,0,0,0,0,0,0,0,0,0,0,0,0,0.043010752688172046,0.20288131466788403
139,0,0,0,0,0,0,0,0,0,0,0,0,0,0,0,0,0,0,0,0,0,0,0,0,0,0,0,0,0,0,0,0,0,0,0,0,0,0,0,0,0,0,0,0,0,0,0,0,0,0,0,0,0,0,0,0,0,0,0,0,0,0,0,0,0,0,0,0,0,0,0,0,0,0,0,0,0,0,0,0,0,0,0,0,0,0,0,0,0,0,0,0,0,0.0,0.0
140,1,2,3,1,2,3,3,4,3,1,1,1,1,1,5,2,1,1,1,2,2,2,3,2,0,1,2,1,2,2,2,4,1,2,2,1,3,0,1,0,2,1,2,0,4,1,0,1,3,3,3,1,3,2,2,1,3,3,5,2,2,2,3,2,4,2,2,3,2,3,0,3,2,2,2,4,3,1,1,3,3,3,1,1,2,3,0,1,2,3,0,4,1,1.978494623655914,1.1451486697270123
141,7,6,5,8,6,6,6,6,7,7,7,7,7,7,7,7,5,6,6,7,6,6,8,5,6,6,7,5,9,5,7,5,6,5,6,6,7,6,8,7,6,5,6,7,7,6,6,7,6,6,9,7,6,8,7,6,5,5,7,8,5,7,8,5,7,6,5,9,6,6,7,5,6,7,7,6,6,5,7,5,7,7,5,8,8,6,4,8,9,7,7,4,5,6.408602150537634,1.0997219505845675
142,0,0,0,0,0,0,0,0,0,0,0,0,0,0,0,0,0,0,0,0,0,0,0,0,0,0,0,0,0,0,0,0,0,0,0,0,0,0,0,0,0,0,0,0,0,0,0,0,0,0,0,0,0,0,0,0,0,0,0,0,0,0,0,0,0,0,0,0,0,0,0,0,0,0,0,0,0,0,0,0,0,0,0,0,0,0,0,0,0,0,0,0,0,0.0,0.0
143,0,0,2,1,1,2,1,0,1,1,0,1,0,1,1,1,0,0,1,0,0,1,0,0,0,0,1,0,0,0,1,0,1,0,1,0,2,1,0,2,1,0,0,1,0,1,1,1,0,0,2,0,0,1,1,1,0,0,0,1,0,2,2,0,0,0,0,0,2,1,2,1,1,2,0,0,0,1,2,1,1,1,0,1,0,0,0,0,2,1,2,1,1,0.6666666666666666,0.708372864172069
144,3,4,2,2,1,3,1,2,3,1,1,2,2,3,4,2,3,1,1,1,0,3,2,1,2,2,5,1,1,2,2,1,2,4,0,2,1,4,2,2,2,3,2,1,2,3,3,3,2,1,4,2,3,3,2,3,2,4,2,3,1,2,2,4,1,2,2,1,2,2,3,1,1,3,2,3,1,4,1,1,1,3,2,1,2,2,1,2,2,2,2,3,3,2.10752688172043,0.9995952470272772
145,0,1,1,2,3,1,0,1,0,2,2,1,0,2,2,0,0,1,3,0,1,1,0,1,3,1,2,2,3,1,2,1,2,1,2,0,2,1,1,4,3,1,2,2,1,2,2,1,3,3,2,2,2,2,3,2,0,1,3,1,0,3,2,2,1,1,1,1,1,2,3,1,2,4,1,4,4,1,2,1,5,5,3,2,3,2,1,3,2,2,5,2,1,1.7634408602150538,1.1676448998278048
146,1,2,1,0,1,0,1,1,2,1,2,2,1,2,1,0,1,1,1,1,1,1,1,0,0,2,1,1,1,1,0,1,0,2,2,2,1,1,2,1,1,1,0,1,1,1,1,2,1,1,2,0,0,2,0,1,1,1,1,1,1,1,1,2,0,1,1,1,0,2,3,1,1,1,0,0,0,0,0,1,1,2,1,1,1,1,1,1,0,1,2,1,1,1.0,0.6558258357839529
147,6,7,5,9,7,8,8,7,7,4,7,8,9,7,7,6,6,5,8,8,6,6,7,8,7,6,6,6,7,7,5,7,5,6,10,8,6,6,7,4,7,9,6,8,6,7,8,7,8,7,8,9,8,7,7,9,6,6,5,4,6,7,6,9,7,7,9,6,5,8,6,5,7,6,6,7,6,6,7,7,8,8,6,8,6,7,6,6,7,7,6,8,8,6.827956989247312,1.2059320752816403
148,1,4,3,3,4,3,4,2,3,3,3,2,5,2,5,2,5,2,5,4,3,4,2,3,1,4,2,2,2,2,3,4,2,4,5,4,4,1,2,5,4,2,3,3,3,2,3,1,1,3,3,1,3,5,4,2,5,4,3,5,5,2,4,3,3,2,2,4,4,4,3,4,4,3,3,3,3,3,3,2,4,5,3,4,1,2,3,3,3,2,4,6,3,3.129032258064516,1.147468522318632
149,9,7,4,5,6,5,5,3,7,6,6,6,5,4,4,5,5,6,3,5,6,7,5,7,7,6,6,3,5,5,6,6,5,4,6,5,3,7,6,5,5,6,5,6,5,6,5,4,6,8,7,6,5,3,6,6,4,4,4,5,4,6,4,6,4,7,5,5,6,5,6,3,9,4,5,8,5,5,4,4,6,5,8,4,4,5,5,3,5,7,10,6,3,5.354838709677419,1.39619422263479
150,3,2,2,0,1,1,1,2,0,2,0,2,2,2,1,1,3,0,1,1,1,0,1,0,0,3,2,1,0,0,1,1,1,2,0,3,4,2,2,2,2,1,0,1,2,2,2,0,3,3,1,2,1,3,1,2,2,2,1,1,2,3,2,1,1,0,2,1,2,2,3,5,1,1,1,2,1,2,2,2,1,2,1,2,2,2,3,1,0,1,2,0,3,1.5161290322580645,1.0012132771599807
151,10,6,11,10,8,11,11,9,12,10,12,8,8,6,8,10,8,7,5,8,8,10,10,9,8,4,10,8,8,6,8,8,9,9,13,7,6,9,9,9,11,11,10,9,7,7,6,9,10,8,8,9,8,7,9,10,8,8,7,7,9,10,8,7,8,7,9,10,11,13,6,8,14,6,10,9,6,7,4,10,9,10,9,11,8,8,7,7,9,9,6,9,6,8.548387096774194,1.869484024222393
152,1,2,1,1,3,1,1,2,3,2,2,2,2,2,4,1,4,2,2,3,2,3,1,4,2,2,2,2,2,2,1,0,2,1,1,3,3,3,3,2,2,1,3,2,3,1,2,1,1,3,2,3,5,2,1,1,1,3,2,1,2,0,2,1,2,2,3,2,1,1,2,1,1,1,4,2,0,3,2,2,1,2,1,1,2,3,3,3,2,3,1,1,1,1.935483870967742,0.9594627933851274
153,2,1,0,1,0,0,0,0,1,0,0,1,1,1,2,0,0,1,0,0,0,1,1,0,0,0,0,0,1,0,1,0,1,0,1,0,0,1,0,0,1,0,1,0,0,0,1,0,1,0,1,0,1,0,0,0,0,1,0,0,0,0,1,0,0,0,0,1,0,0,0,0,0,0,0,2,1,0,1,0,0,1,0,0,0,0,0,0,1,1,0,1,0,0.3763440860215054,0.5470149394398663
154,5,2,6,6,5,7,5,3,5,7,8,3,4,5,5,6,4,5,5,6,6,7,3,6,6,7,7,5,5,6,7,3,7,5,5,4,5,6,6,5,5,5,5,5,4,4,5,6,7,5,4,8,4,3,5,5,9,4,6,5,8,7,7,6,7,5,4,7,4,5,3,9,6,6,6,5,5,4,5,4,7,6,5,5,5,2,7,5,4,2,4,7,4,5.301075268817204,1.4427046451922634
155,1,0,1,0,1,1,1,1,0,0,0,1,1,0,0,0,1,2,0,0,0,1,1,0,0,0,0,0,0,0,0,1,1,1,2,0,1,1,1,2,1,1,0,1,0,0,1,1,1,0,0,2,1,1,1,0,1,0,1,1,0,1,0,0,1,0,0,0,0,1,1,1,0,1,0,0,0,1,0,1,1,0,0,1,0,1,1,1,1,0,0,0,1,0.5591397849462365,0.5766489323781477
156,0,0,0,0,0,0,0,0,0,0,0,0,0,0,0,0,0,0,0,0,0,0,0,0,0,0,0,0,0,0,0,0,0,0,0,0,0,0,0,0,0,0,0,0,0,0,0,0,0,0,0,0,0,0,0,0,0,0,0,0,0,0,0,0,0,0,0,0,0,0,0,0,0,0,0,0,0,0,0,0,0,0,0,0,0,0,0,0,0,0,0,0,0,0.0,0.0
157,0,0,0,0,0,0,0,0,0,0,0,0,0,0,0,0,0,0,0,0,0,0,0,0,0,0,0,0,0,0,0,0,0,0,0,0,0,0,0,0,0,0,0,0,0,0,0,0,0,0,0,0,0,0,0,0,0,0,0,0,0,0,0,0,0,0,0,0,0,0,0,0,0,0,0,0,0,0,0,0,0,0,0,0,0,0,0,0,0,0,0,0,0,0.0,0.0
158,0,0,0,0,0,0,0,0,0,0,0,0,0,0,0,0,0,0,0,0,0,0,0,0,0,0,0,0,0,0,0,0,0,0,0,0,0,0,0,0,0,0,0,0,0,0,0,0,0,0,0,0,0,0,0,0,0,0,0,0,0,0,0,0,0,0,0,0,0,0,0,0,0,0,0,0,0,0,0,0,0,0,0,0,0,0,0,0,0,0,0,0,0,0.0,0.0
159,0,0,0,0,0,0,0,0,0,0,0,0,0,0,0,0,0,0,0,0,0,0,0,0,0,0,0,0,0,0,0,0,0,0,0,0,0,0,0,0,0,0,0,0,0,0,0,0,0,0,0,0,0,0,0,0,0,0,0,0,0,0,0,0,0,0,0,0,0,0,0,0,0,0,0,0,0,0,0,0,0,0,0,0,0,0,0,0,0,0,0,0,0,0.0,0.0
160,0,0,0,0,0,0,0,0,0,0,0,0,0,0,0,0,0,0,0,0,0,0,0,0,0,0,0,0,0,0,0,0,0,0,0,0,0,0,0,0,0,0,0,0,0,0,0,0,0,0,0,0,0,0,0,0,0,0,0,0,0,0,0,0,0,0,0,0,0,0,0,0,0,0,0,0,0,0,0,0,0,0,0,0,0,0,0,0,0,0,0,0,0,0.0,0.0
161,1,1,1,1,1,0,0,1,1,1,1,1,1,0,1,1,0,1,0,1,1,1,1,1,1,1,1,1,1,1,1,0,1,1,1,1,1,2,1,1,1,1,1,1,1,1,2,1,1,1,2,1,1,0,1,1,1,1,1,2,1,1,0,1,1,1,1,1,1,1,1,1,1,1,1,1,1,2,1,1,0,1,1,1,1,1,1,1,1,0,1,1,1,0.946236559139785,0.39799474243702654
162,1,0,0,0,0,0,0,0,0,0,0,0,0,0,0,0,0,0,0,0,0,0,0,0,0,0,0,0,0,0,0,0,0,0,0,0,0,0,1,0,0,1,0,0,0,0,0,0,0,0,0,0,0,0,0,0,0,0,0,0,0,0,0,0,1,0,0,0,0,0,0,0,0,0,0,0,0,0,0,0,0,0,0,0,0,0,0,0,0,0,0,0,0,0.043010752688172046,0.20288131466788403
163,3,5,4,4,3,4,3,4,3,3,3,4,3,4,4,4,4,5,4,3,4,3,4,2,4,3,4,5,5,3,4,3,4,3,3,2,4,5,4,4,3,3,4,3,3,3,4,5,3,3,2,3,3,3,4,4,3,3,4,4,4,4,3,3,3,3,3,6,5,3,3,3,4,4,5,5,3,3,4,4,3,2,3,5,4,5,3,5,4,4,3,2,4,3.6129032258064515,0.8169212865902188
164,3,3,4,4,4,4,2,3,1,3,2,4,4,2,3,2,4,5,0,3,3,4,3,4,2,3,1,4,2,4,3,4,3,6,3,1,4,3,3,2,4,5,2,3,2,2,1,1,3,5,3,3,3,5,4,1,3,4,4,3,3,2,2,3,4,3,2,2,2,3,2,4,2,3,3,3,3,3,2,2,2,3,5,1,3,2,5,2,4,3,5,2,4,2.978494623655914,1.1262125567979493
165,5,8,3,8,8,4,7,4,7,7,5,3,4,6,4,6,6,5,7,5,7,8,5,5,4,2,6,4,3,5,6,4,6,7,3,5,6,3,4,5,5,4,4,4,5,4,6,3,5,6,5,6,6,4,7,4,9,4,7,6,2,3,5,5,5,5,5,4,5,3,5,8,3,5,4,3,9,6,6,5,6,6,4,2,7,6,7,8,2,2,2,3,5,5.053763440860215,1.667949558285864
166,4,2,4,4,4,6,2,6,3,4,4,2,3,6,5,2,3,3,5,1,5,2,5,4,3,6,4,1,3,3,2,6,3,2,5,7,6,4,6,5,5,4,4,2,2,3,2,4,3,1,2,2,1,2,4,2,5,2,5,5,6,4,7,2,5,3,3,4,5,5,3,4,2,3,5,2,6,3,6,4,4,4,4,3,7,1,6,1,2,8,3,5,2,3.7311827956989245,1.6273190892380742
167,8,8,7,10,7,7,7,6,10,12,6,3,8,9,7,10,8,7,10,9,9,10,10,7,6,10,10,10,8,9,9,9,13,9,9,10,9,9,12,4,7,8,7,9,6,8,7,8,10,5,12,9,5,10,9,9,9,9,9,7,7,6,8,9,11,10,8,10,7,10,9,11,8,5,10,10,9,7,7,10,11,8,9,10,3,7,8,10,9,11,8,11,9,8.494623655913978,1.8758433567932435
168,4,5,5,3,2,3,4,3,3,5,3,3,1,2,3,3,2,5,5,4,4,4,1,5,5,2,5,5,4,3,3,5,4,4,4,3,4,3,6,5,4,3,5,3,4,3,3,5,4,5,4,4,3,4,4,4,4,1,5,2,2,5,4,5,4,3,4,5,3,4,4,5,5,4,5,0,4,3,6,3,5,4,5,3,4,5,5,5,5,3,2,3,4,3.78494623655914,1.162583907163485
169,2,6,7,5,6,5,6,6,9,5,6,7,10,5,7,6,3,8,4,5,6,6,7,5,8,5,6,8,7,7,5,5,5,6,6,5,5,6,6,10,5,7,6,8,7,8,6,5,8,6,5,6,4,6,8,8,7,4,4,8,8,7,6,7,3,8,5,5,5,5,5,5,6,7,8,8,6,7,6,8,4,5,5,7,6,8,6,5,8,7,7,5,6,6.150537634408602,1.458724118891322
170,1,1,0,1,0,1,0,1,0,0,0,0,1,0,0,0,0,1,0,0,0,0,0,1,0,0,0,0,0,0,0,1,1,0,1,1,0,2,0,0,1,0,1,0,0,0,0,1,0,0,0,0,0,0,0,0,0,1,0,1,0,1,0,0,1,0,1,0,0,0,0,1,1,1,1,1,0,2,0,1,0,0,0,1,1,0,2,0,0,0,0,0,1,0.3763440860215054,0.5470149394398666
171,1,0,1,1,1,1,1,0,1,1,1,1,0,1,1,1,0,0,1,1,1,1,1,1,1,1,1,1,1,1,1,1,1,1,1,0,0,0,0,1,1,1,1,0,1,1,0,1,1,1,0,1,2,2,0,1,0,1,0,1,1,2,1,1,0,1,0,0,1,1,1,1,1,0,0,1,1,0,1,1,1,0,1,0,1,1,0,1,1,1,1,1,1,0.7741935483870968,0.4892177705839708
172,3,3,2,3,4,6,2,6,6,2,4,5,3,3,5,3,3,3,3,4,3,7,1,3,2,3,4,5,3,3,4,5,3,2,3,2,4,3,4,4,2,5,3,6,4,4,3,5,5,3,1,5,1,4,5,3,2,3,3,6,5,4,3,5,3,5,4,5,6,2,4,4,2,3,1,2,5,2,4,2,3,3,2,3,3,3,2,5,3,2,4,3,5,3.5053763440860215,1.3085628323936602
173,3,1,3,2,0,3,1,2,2,6,2,3,2,6,2,1,5,0,2,0,4,3,3,1,2,3,2,2,2,1,3,1,2,3,3,2,2,2,2,2,3,3,3,1,1,1,2,2,4,1,3,4,2,2,2,0,3,1,2,1,4,2,2,3,2,2,1,2,1,2,0,3,1,1,2,2,1,2,2,5,2,1,3,3,2,1,4,1,2,3,2,5,1,2.172043010752688,1.214815848817083
174,5,6,4,3,4,9,5,4,5,7,3,5,5,7,6,3,4,7,3,6,5,5,3,8,4,4,4,3,5,6,8,5,5,7,5,5,4,5,3,6,7,5,4,5,5,4,4,4,5,6,5,5,4,5,6,5,5,5,6,6,5,6,6,5,6,7,3,5,6,5,3,4,5,5,7,4,5,4,4,3,6,4,7,5,6,5,4,5,5,6,5,5,6,5.043010752688172,1.2349217771111276
175,1,1,1,0,1,2,1,0,1,2,2,0,0,2,0,2,0,2,3,0,2,2,2,1,2,0,1,0,0,0,1,0,0,0,0,0,2,0,2,1,0,1,1,2,1,1,1,0,1,2,0,1,2,2,0,1,0,2,0,0,2,1,1,2,0,1,1,1,2,1,1,1,0,1,1,1,2,2,1,1,1,1,0,1,1,0,0,2,0,2,1,0,2,0.956989247311828,0.8020669332890968
176,0,0,0,0,0,0,1,0,0,0,0,0,0,0,0,0,1,0,0,0,0,0,0,0,0,0,0,0,0,0,0,0,0,0,0,0,0,0,0,0,0,0,0,0,0,0,0,0,0,0,0,0,0,0,0,0,0,0,0,0,0,0,1,0,0,0,0,0,0,0,0,0,0,0,0,0,0,0,0,0,0,0,0,0,0,0,0,0,1,0,0,0,0,0.043010752688172046,0.20288131466788403
177,0,0,0,0,0,0,0,0,0,0,0,0,0,0,0,0,0,0,0,0,0,0,0,0,0,0,0,0,0,0,0,0,0,0,0,0,0,0,0,0,0,0,0,0,0,0,0,0,0,0,0,0,0,0,0,0,0,0,0,0,0,0,0,0,0,0,0,0,0,0,0,0,0,0,0,0,0,0,0,0,0,0,0,0,0,0,0,0,0,0,0,0,0,0.0,0.0
178,0,0,0,0,0,0,0,0,0,0,0,0,0,0,0,0,0,0,0,0,0,0,0,0,0,0,0,0,0,0,0,0,0,0,0,0,0,0,0,0,0,0,0,0,0,0,0,0,0,0,0,0,0,0,0,0,0,0,0,0,0,0,0,0,0,0,0,0,0,0,0,0,0,0,0,0,0,0,0,0,0,0,0,0,0,0,0,0,0,0,0,0,0,0.0,0.0
179,2,2,1,0,1,2,0,1,1,1,0,0,1,2,2,0,2,1,1,1,1,3,1,2,0,1,1,1,1,0,1,2,1,1,2,2,1,2,1,2,2,0,2,1,2,1,2,1,1,2,2,1,0,1,2,0,3,1,1,2,1,1,2,1,2,1,1,1,0,1,1,1,2,2,2,2,0,1,1,2,0,2,2,3,2,1,2,2,2,1,1,1,1,1.2795698924731183,0.7385774090784686
180,0,0,0,0,0,0,0,0,0,0,0,0,0,0,0,0,0,0,0,0,0,0,0,0,0,0,0,0,0,0,0,0,0,0,0,0,0,0,0,0,0,0,0,0,0,0,0,0,0,0,0,0,0,0,0,0,0,0,0,0,0,0,0,0,0,0,0,0,0,0,0,0,0,0,0,0,0,0,0,0,0,0,0,0,0,0,0,0,0,0,0,0,0,0.0,0.0
181,0,0,0,0,0,0,0,0,0,0,0,0,0,0,0,0,0,0,0,0,0,0,0,0,0,0,0,0,0,0,0,0,0,0,0,0,0,0,0,0,0,0,0,0,0,0,0,0,0,0,0,0,0,0,0,0,0,0,0,0,0,0,0,0,0,0,0,0,0,0,0,0,0,0,0,0,0,0,0,0,0,0,0,0,0,0,0,0,0,0,0,0,0,0.0,0.0
182,0,0,0,0,0,0,0,0,0,0,0,0,0,0,0,0,0,0,0,0,0,0,0,0,0,0,0,0,0,0,0,0,0,0,0,0,0,0,0,0,0,0,0,0,0,0,0,0,0,0,0,0,0,0,0,0,0,0,0,0,0,0,0,0,0,0,0,0,0,0,0,0,0,0,0,0,0,0,0,0,0,0,0,0,0,0,0,0,0,0,0,0,0,0.0,0.0
183,0,0,0,0,0,0,0,0,1,1,0,1,0,1,0,0,0,0,1,1,0,1,1,1,0,0,2,2,0,0,1,0,0,0,0,0,1,0,0,0,0,1,2,0,0,0,0,0,0,0,0,0,0,0,1,0,0,0,2,0,0,0,0,0,2,0,0,1,0,0,1,0,0,1,0,0,0,0,0,0,0,0,0,0,0,2,0,0,0,0,1,0,0,0.3118279569892473,0.5861941148575914
184,0,0,0,0,0,0,0,0,0,0,0,0,0,0,0,0,0,0,0,0,0,0,0,0,0,1,0,0,0,0,0,0,0,0,0,1,0,0,0,0,0,0,0,0,0,0,0,0,0,1,0,0,0,0,0,0,0,0,0,0,0,0,0,0,0,0,0,0,0,0,0,0,0,0,0,0,0,0,0,0,0,0,0,0,0,0,0,0,0,1,0,0,0,0.043010752688172046,0.20288131466788403
185,0,0,0,0,0,0,0,0,0,0,0,0,0,0,0,0,0,0,0,0,0,0,0,0,0,0,0,0,0,0,0,0,0,0,0,0,0,0,0,0,0,0,0,0,0,0,0,0,0,0,0,0,0,0,0,0,0,0,0,0,0,0,0,0,0,0,0,0,0,0,0,0,0,0,0,0,0,0,0,0,0,0,0,0,0,0,0,0,0,0,0,0,0,0.0,0.0
186,4,3,4,4,4,2,2,2,3,3,5,3,3,1,4,4,2,3,3,4,2,5,5,2,2,3,3,3,3,3,2,3,1,2,4,2,2,2,3,3,3,3,4,2,1,3,5,5,6,2,2,3,4,3,2,2,3,5,1,2,3,1,2,1,1,2,2,3,3,2,3,4,4,2,2,4,4,4,4,5,3,4,3,2,4,3,5,4,4,2,3,1,5,2.989247311827957,1.1499847933161402
187,0,0,0,0,0,1,0,0,1,0,0,0,0,0,0,0,0,0,0,2,0,0,1,0,1,0,0,0,0,0,0,0,0,0,0,0,0,0,0,1,0,0,0,0,0,1,0,1,0,1,0,0,1,0,0,0,0,0,0,0,0,0,0,0,1,1,0,1,0,0,0,1,0,0,0,0,0,0,0,0,0,0,0,0,0,0,0,0,0,0,0,1,1,0.1827956989247312,0.41338457605894763
188,0,0,0,0,0,0,0,0,0,0,0,0,0,0,0,0,0,0,0,0,0,0,0,0,0,0,0,0,0,0,0,0,0,0,0,0,0,0,0,0,0,0,0,0,0,0,0,0,0,0,0,0,0,0,0,0,0,0,0,0,0,0,0,0,0,0,0,0,0,0,0,0,0,0,0,0,0,0,0,0,0,0,0,0,0,0,0,0,0,0,0,0,0,0.0,0.0
189,0,0,0,0,0,0,0,0,0,0,0,0,0,0,0,0,0,0,0,0,0,0,0,0,0,0,0,0,0,0,0,0,0,0,0,0,0,0,0,0,0,0,0,0,0,0,0,0,0,0,0,0,0,0,0,0,0,0,0,0,0,0,0,0,0,0,0,0,0,0,0,0,0,0,0,0,0,0,0,0,0,0,0,0,0,0,0,0,0,0,0,0,0,0.0,0.0
190,5,4,4,6,5,4,5,5,5,4,4,5,6,5,5,5,5,6,8,7,5,6,4,7,4,5,6,8,5,5,5,5,5,6,7,4,4,5,6,5,3,7,4,4,4,5,6,6,5,7,5,6,4,5,5,6,6,4,7,4,5,4,6,4,6,4,4,5,5,4,5,5,4,5,5,3,5,6,6,5,5,6,6,5,5,5,5,6,4,7,6,5,3,5.129032258064516,1.0288923624865107
191,0,0,0,0,0,0,0,0,0,0,0,0,0,0,0,0,0,0,0,0,0,0,0,0,0,0,0,0,0,0,0,0,0,0,0,0,0,0,0,0,0,0,0,0,0,0,0,0,0,0,0,0,0,0,0,0,0,0,0,0,0,0,0,0,0,0,0,0,0,0,0,0,0,0,0,0,0,0,0,0,0,0,0,0,0,0,0,0,0,0,0,0,0,0.0,0.0
192,1,1,0,0,1,0,1,0,1,0,0,1,1,1,1,1,1,1,0,1,1,1,1,0,0,1,0,0,1,0,0,1,1,1,1,1,0,0,0,0,1,1,0,0,1,0,0,0,0,0,1,0,0,0,0,0,1,0,0,0,1,0,1,0,0,1,1,0,1,0,1,0,0,1,0,0,0,0,0,1,0,0,0,0,0,0,0,0,1,0,0,0,1,0.40860215053763443,0.491575460243547
193,8,7,7,5,6,8,8,3,4,8,8,10,8,9,7,6,7,5,7,7,5,7,10,9,6,7,4,7,6,7,8,7,6,5,7,8,8,8,6,6,12,7,5,9,7,5,10,6,12,8,6,6,5,9,6,7,6,9,7,10,9,5,6,7,8,6,10,6,5,7,6,6,7,6,5,7,8,9,5,5,7,5,10,3,8,9,6,7,4,7,6,9,6,6.956989247311828,1.7531169077838196
194,2,1,2,2,1,1,2,1,1,3,1,1,1,2,4,0,1,0,2,3,1,2,1,3,4,3,1,1,3,1,2,1,3,1,1,1,1,2,4,2,0,2,1,1,2,2,2,1,3,3,4,1,2,2,1,3,1,3,1,1,0,2,5,0,1,3,2,2,1,3,1,2,0,0,0,1,1,2,1,2,2,1,0,4,1,2,1,2,3,0,3,0,2,1.6666666666666667,1.1006677673349843
195,1,0,1,0,1,0,1,1,0,1,0,2,0,1,1,1,1,1,0,1,0,1,0,1,0,1,1,0,1,0,1,0,1,1,1,1,0,1,2,0,2,1,1,1,1,0,1,1,0,0,1,1,0,1,1,0,1,1,1,1,2,0,2,0,1,0,1,1,2,1,0,0,1,1,1,1,2,0,1,1,1,1,2,0,1,1,0,1,1,1,0,1,0,0.7634408602150538,0.5938366138272723
196,2,2,1,3,2,4,4,4,4,1,4,3,1,4,5,4,5,7,5,3,1,3,3,2,5,4,2,3,4,5,3,5,4,4,3,3,4,2,4,2,2,2,4,3,4,3,2,3,1,2,5,3,3,4,4,2,1,4,1,2,2,2,4,6,4,2,3,2,1,4,2,3,4,4,2,5,3,3,4,3,2,4,2,5,4,3,2,3,3,3,3,3,5,3.161290322580645,1.2381943372460027
197,2,4,6,6,4,3,4,5,4,7,5,4,5,4,5,3,2,4,3,6,6,2,6,3,5,5,3,3,7,2,5,6,6,6,4,5,4,6,4,4,6,4,5,5,6,2,1,4,2,4,5,4,4,4,5,5,5,7,4,3,6,5,5,1,2,4,2,7,7,5,5,6,4,2,5,5,5,3,5,5,3,2,4,4,4,4,4,3,4,6,2,4,6,4.32258064516129,1.4305521178118357
198,2,3,1,2,2,4,1,2,1,3,3,2,2,4,1,1,2,2,1,2,1,2,3,1,1,4,1,2,3,2,1,1,1,0,1,1,1,2,2,3,0,2,1,0,2,3,0,0,1,1,2,3,3,1,1,1,1,2,2,2,0,2,2,2,1,1,2,1,0,1,1,1,2,2,2,1,1,3,2,1,3,2,1,3,3,2,2,1,3,2,3,1,3,1.7096774193548387,0.9456254135879846
199,9,4,6,6,7,3,3,6,5,4,8,8,9,7,7,8,6,5,5,8,6,7,6,4,6,7,5,7,7,6,5,7,6,10,5,7,5,7,5,9,6,3,7,6,6,8,3,6,5,3,4,8,7,9,9,8,4,5,8,6,7,8,9,8,8,6,6,9,6,5,4,4,4,9,10,8,4,5,7,1,5,8,4,8,6,10,9,6,6,6,7,6,7,6.32258064516129,1.8384266901645174
200,4,3,4,3,5,2,5,5,6,5,6,4,8,6,5,4,0,4,5,5,6,7,5,3,8,6,8,2,8,4,3,5,3,2,5,5,6,4,2,3,7,5,2,3,4,3,4,7,3,5,2,3,4,2,4,7,6,2,4,4,4,6,6,6,6,6,4,4,5,1,6,4,3,5,4,5,4,4,5,2,1,7,3,4,3,3,4,4,3,5,5,4,5,4.365591397849462,1.6512292341107326
201,9,7,7,10,9,7,8,7,7,10,10,7,9,8,10,9,7,9,11,8,9,8,7,8,5,10,6,8,7,8,6,5,8,6,6,8,7,8,8,8,6,7,7,8,6,5,6,6,9,7,9,9,8,8,9,8,7,7,8,8,10,8,6,9,7,6,7,7,8,8,9,10,9,7,7,8,7,11,8,9,7,9,7,8,8,9,9,8,10,10,9,9,7,7.89247311827957,1.3235855959939018
202,1,1,1,0,1,3,1,1,0,1,2,1,1,1,2,1,1,1,1,1,0,1,1,3,1,0,0,2,1,0,1,1,1,1,1,1,1,1,0,1,1,1,2,1,1,0,1,1,1,1,1,1,1,1,1,1,1,0,2,2,1,0,1,1,1,1,1,1,1,1,1,1,1,0,1,1,1,1,1,1,1,0,1,1,1,1,1,1,0,1,1,1,0,0.956989247311828,0.5470149394398661
203,5,6,7,5,4,6,4,5,5,6,6,5,5,5,5,4,3,8,10,6,5,7,6,5,5,4,4,5,4,9,5,7,5,7,6,8,5,5,4,7,6,7,4,5,6,4,7,6,5,8,4,6,7,5,5,5,6,6,3,5,5,4,8,5,5,6,6,5,7,6,7,5,6,6,5,6,8,6,6,7,8,5,7,6,6,5,7,5,2,10,6,7,6,5.720430107526882,1.394039472743385
204,0,1,1,0,0,0,1,0,1,2,0,0,0,0,0,0,1,0,1,0,1,0,1,1,1,0,0,0,1,1,0,0,0,0,0,1,0,0,0,1,0,0,1,0,0,0,1,0,1,0,0,0,0,1,1,0,0,0,1,1,1,1,0,1,1,0,0,2,0,0,0,0,0,1,0,0,0,1,2,0,1,1,0,0,0,1,0,1,0,1,2,3,0,0.46236559139784944,0.6317604654438013
205,11,7,7,9,10,5,7,11,8,8,7,10,7,9,9,8,9,10,8,7,8,6,10,7,7,6,9,8,8,8,7,4,6,8,7,7,6,9,6,8,9,9,7,8,6,6,5,7,10,8,8,8,9,6,5,6,7,9,6,8,8,7,6,10,6,8,8,9,5,8,8,7,6,6,8,5,9,7,9,8,6,6,9,8,8,6,7,8,9,6,6,7,8,7.537634408602151,1.4410206940000818
206,1,1,1,1,1,0,1,1,1,1,1,0,1,1,0,1,1,1,1,1,0,0,1,0,1,0,1,1,0,1,1,1,1,1,0,1,0,0,1,1,1,0,1,0,1,0,0,1,1,1,1,1,1,0,1,0,1,0,1,1,1,1,0,1,1,0,1,0,1,1,0,0,1,2,1,1,1,0,1,0,0,1,1,1,0,1,0,1,1,1,0,0,1,0.6881720430107527,0.48589778613741946
207,4,2,3,6,3,4,6,2,3,4,6,4,5,6,5,1,5,2,4,5,3,6,4,8,3,6,4,5,5,5,6,6,3,4,6,6,4,4,4,5,5,6,7,5,6,5,4,5,4,4,4,4,3,5,5,5,4,2,6,5,7,4,6,4,5,5,3,5,2,5,6,6,5,5,5,2,2,5,5,5,6,6,1,6,3,5,5,5,5,5,3,7,1,4.526881720430108,1.4262621111373108
208,2,2,1,1,1,1,1,1,1,2,2,1,0,1,1,1,2,0,1,1,1,1,1,2,1,1,0,1,0,1,2,1,0,1,2,1,2,0,1,0,1,1,0,1,1,1,2,2,0,1,1,1,1,1,1,1,2,2,1,1,2,1,1,2,1,1,3,1,1,0,0,1,1,1,2,1,1,2,1,0,1,1,0,1,1,1,2,0,1,1,0,2,2,1.075268817204301,0.6431869431715345
209,2,3,2,1,2,2,2,3,4,4,2,2,3,2,3,1,2,3,3,2,2,2,5,3,3,2,2,2,2,2,5,1,3,3,3,4,2,2,3,2,2,2,5,2,3,2,2,4,3,2,2,2,2,2,3,2,3,2,1,2,3,2,3,2,3,3,2,2,2,3,3,3,4,3,2,4,2,3,2,4,2,2,2,4,4,1,2,3,2,1,4,1,2,2.5161290322580645,0.8993773619925363
210,7,5,5,7,9,7,6,6,4,6,6,11,6,8,9,6,6,5,7,6,7,5,7,6,7,7,7,7,7,6,5,9,4,7,3,5,6,6,3,9,6,5,6,9,6,7,4,7,7,6,4,10,7,9,4,7,8,7,6,4,8,6,7,7,7,8,3,5,5,4,8,7,5,5,6,6,8,5,11,6,9,5,5,9,6,7,7,3,10,10,9,8,7,6.516129032258065,1.7512692983643867
211,2,2,0,2,3,2,1,1,3,1,1,1,3,2,2,1,2,2,0,1,1,3,0,2,3,1,1,1,2,1,2,2,3,2,1,2,2,2,1,3,1,1,2,2,1,2,2,1,1,0,4,1,3,2,1,1,1,2,2,2,0,1,3,2,1,1,1,3,3,3,4,2,3,1,0,1,3,2,2,1,2,2,2,2,3,3,0,1,1,2,2,2,1,1.7096774193548387,0.9108739176149403
212,2,2,2,7,3,3,3,3,2,4,0,4,1,2,3,5,2,2,2,3,2,4,1,3,4,6,5,3,4,4,5,5,4,3,3,5,3,5,6,7,1,3,3,2,2,5,3,2,3,4,6,4,3,4,5,7,5,3,2,5,0,3,1,3,5,1,4,2,3,5,5,4,5,4,5,2,2,4,2,4,4,5,3,3,2,3,4,2,3,2,5,3,4,3.3978494623655915,1.4820777695427558
213,3,3,3,4,2,3,5,5,3,2,3,2,5,2,3,2,4,6,4,5,4,4,4,3,7,5,2,3,3,2,3,4,3,1,2,4,5,3,2,5,4,2,2,3,3,3,2,6,4,2,4,5,4,4,3,3,3,3,4,4,5,6,2,5,2,7,4,3,4,5,2,2,7,2,3,8,2,3,2,3,2,2,3,3,6,2,3,6,6,1,2,3,2,3.4838709677419355,1.4636300668536395
214,0,1,1,0,1,1,0,0,0,1,0,1,0,0,1,0,1,1,0,1,0,0,0,0,0,0,0,0,0,0,1,0,0,1,0,0,0,0,0,1,1,1,0,0,1,0,1,0,0,1,0,1,0,1,0,0,1,1,0,0,0,0,0,0,2,1,1,1,0,0,0,1,0,0,1,0,1,1,0,1,0,0,0,0,1,0,1,1,0,0,0,0,0,0.3763440860215054,0.506176442836121
215,5,4,7,5,5,4,5,6,5,3,6,5,3,5,5,4,6,4,5,4,2,3,3,5,3,4,5,3,5,4,3,3,4,3,4,5,2,4,3,3,5,2,5,3,5,4,5,3,4,8,4,4,6,5,6,3,6,4,4,3,5,2,5,3,4,6,6,4,4,4,7,6,6,5,2,4,4,3,4,6,4,4,4,3,3,4,3,4,5,4,5,3,5,4.268817204301075,1.2105253897683865
216,0,2,0,0,1,0,0,0,1,1,0,0,2,2,0,1,0,0,0,1,0,0,1,1,1,0,1,0,0,0,0,0,0,1,1,2,2,0,0,1,1,1,1,1,2,0,0,1,1,1,0,0,0,0,0,0,0,0,1,2,0,0,0,2,1,1,0,1,0,0,0,0,1,1,0,2,2,1,0,1,0,2,1,1,0,1,0,0,2,0,2,1,1,0.6236559139784946,0.7171325591627123
217,2,1,2,2,2,3,2,3,2,3,1,2,4,2,1,4,3,1,2,1,2,4,1,2,2,3,2,2,2,3,2,2,2,3,3,3,2,2,3,4,2,4,3,2,2,2,1,2,2,2,1,2,3,1,3,1,2,2,2,2,2,2,2,3,1,4,3,2,2,1,2,1,1,2,4,3,3,3,2,2,1,1,1,2,2,1,3,1,1,1,2,3,2,2.139784946236559,0.8499386170051398
218,1,1,0,2,1,0,2,2,0,1,1,0,2,0,2,1,0,0,1,1,1,1,2,1,1,1,1,1,1,1,1,2,1,1,1,1,0,0,1,2,2,1,2,1,2,0,2,2,0,0,1,0,2,1,2,2,1,1,1,1,1,0,1,2,2,2,0,1,1,0,0,1,1,2,0,1,1,1,3,1,0,0,1,0,0,2,0,0,2,1,0,1,1,0.989247311827957,0.7404535613198634
219,7,7,6,7,6,7,6,6,7,3,7,7,4,7,11,8,6,5,6,7,4,6,8,7,6,6,5,6,6,6,7,9,7,6,8,7,7,8,6,5,5,5,7,8,6,5,10,4,4,8,8,8,6,4,6,7,5,6,8,9,7,6,9,5,9,5,7,7,6,6,4,7,7,8,7,5,7,11,8,5,8,7,5,4,10,7,5,6,8,9,6,10,8,6.645161290322581,1.5905984624062381
220,7,6,4,4,4,5,4,3,4,3,5,4,5,5,4,3,5,6,4,2,3,7,3,4,4,5,3,3,5,5,5,3,5,5,4,5,4,4,3,5,4,5,6,3,5,4,9,4,4,5,6,4,5,6,2,5,3,3,2,7,3,3,3,5,5,5,4,3,4,5,5,5,3,5,6,4,4,4,6,3,4,4,5,3,5,5,3,3,4,5,4,4,3,4.311827956989247,1.2001657109924704
221,0,0,0,0,0,0,0,0,0,0,0,0,0,0,0,0,0,0,0,0,0,0,0,0,0,0,0,0,0,0,0,0,0,0,0,0,0,0,0,0,0,0,0,0,0,0,0,0,0,0,0,0,0,0,0,0,0,0,0,0,0,0,0,0,0,0,0,0,0,0,0,0,0,0,0,0,0,0,0,0,0,0,0,0,0,0,0,0,0,0,0,0,0,0.0,0.0
222,1,0,3,2,1,2,0,1,3,2,1,0,2,0,1,1,0,1,1,0,0,1,0,3,1,2,1,1,1,1,1,0,2,0,0,1,1,1,0,3,1,1,0,2,1,0,2,0,1,1,0,1,2,0,1,1,2,2,3,1,1,2,1,1,2,0,1,1,1,2,2,2,1,0,2,2,3,1,1,2,2,2,2,1,2,1,1,2,1,0,2,2,2,1.2043010752688172,0.8495304178539214
223,0,0,2,0,2,2,1,5,1,1,1,2,2,2,2,1,3,1,2,2,2,1,3,3,2,3,1,0,1,3,3,0,0,2,2,1,3,2,2,2,3,1,0,2,1,1,2,1,2,0,2,3,2,3,1,1,2,1,1,1,2,1,1,1,0,2,0,2,2,2,1,3,1,2,0,3,0,0,2,1,2,1,2,1,2,2,2,3,1,2,4,2,2,1.6129032258064515,0.9949578049573302
224,2,0,2,1,3,1,2,4,2,2,2,2,2,2,0,1,2,0,3,2,3,1,3,2,2,2,3,2,3,2,3,4,3,1,3,2,2,0,2,1,3,4,1,1,3,1,1,3,1,1,1,2,2,2,4,2,3,3,2,2,3,3,3,0,2,1,2,2,3,2,3,2,2,2,2,4,3,0,3,2,2,2,2,3,2,3,2,1,1,2,1,1,4,2.053763440860215,0.9767797805742588
225,0,0,0,0,0,0,0,0,0,0,0,0,0,0,0,0,0,0,0,0,0,0,0,0,0,0,0,0,0,0,0,0,0,0,0,0,0,0,0,0,0,0,0,0,0,0,0,0,0,0,0,0,0,0,0,0,0,0,0,0,0,0,0,0,0,0,0,0,0,0,0,0,0,0,0,0,0,0,0,0,0,0,0,0,0,0,0,0,0,0,0,0,0,0.0,0.0
226,5,4,4,4,5,5,6,8,7,6,4,4,4,5,5,6,5,5,5,5,6,7,3,4,6,4,4,6,6,7,5,10,3,5,5,3,5,6,5,2,5,4,9,4,5,2,6,3,6,8,3,7,4,4,3,4,8,4,5,4,7,2,6,7,6,5,5,6,7,4,7,5,3,3,3,4,4,3,4,7,7,3,9,5,4,4,4,9,3,5,5,8,3,5.043010752688172,1.6842979999312926
227,5,4,3,4,3,4,4,3,2,5,3,3,5,2,3,5,4,3,3,4,4,4,5,4,3,5,2,6,2,3,6,2,2,4,4,3,4,5,3,4,5,2,4,3,4,3,3,5,4,4,6,3,5,3,4,5,2,4,5,4,5,4,4,3,4,4,5,3,4,3,4,2,3,3,4,3,3,4,3,3,2,4,3,4,4,4,4,4,3,3,3,4,5,3.6881720430107525,0.9725091659866669
228,0,0,0,0,0,0,0,0,0,0,0,0,0,0,0,0,0,0,0,0,0,0,0,0,0,0,0,0,0,0,0,0,0,0,0,0,0,0,0,0,0,0,0,0,0,0,0,0,0,0,0,0,0,0,0,0,0,0,0,0,0,0,0,0,0,0,0,0,0,0,0,0,0,0,0,0,0,0,0,0,0,0,0,0,0,0,0,0,0,0,0,0,0,0.0,0.0
229,1,2,1,4,2,1,3,0,2,1,0,3,2,4,3,0,1,1,2,1,2,3,2,2,1,0,2,2,0,3,1,3,2,1,3,3,1,1,1,1,0,3,2,1,2,1,3,1,1,3,3,1,2,2,0,4,2,1,1,0,2,3,4,1,1,1,2,1,2,1,2,2,2,1,2,1,2,1,3,2,2,1,1,2,1,2,2,3,2,2,2,1,2,1.7204301075268817,0.9767797805742591
230,7,10,10,9,10,11,8,10,10,9,11,9,8,11,8,10,12,10,12,9,11,9,11,10,9,10,9,8,10,10,9,9,11,8,9,10,9,10,11,11,10,9,13,11,12,9,9,10,12,12,9,9,11,11,8,10,10,8,11,10,7,11,9,8,13,10,9,8,8,11,11,8,11,9,9,10,10,10,12,12,8,10,10,9,11,8,12,9,11,7,9,8,9,9.774193548387096,1.3530454081506347
231,3,2,2,2,3,2,2,1,1,3,2,2,2,3,2,1,4,2,3,1,2,4,3,1,3,4,2,2,1,3,3,3,1,3,1,1,1,1,2,1,1,2,1,3,2,2,3,1,1,1,3,2,2,3,3,2,1,2,4,1,2,3,2,1,1,3,4,2,2,3,3,3,1,4,3,1,4,1,2,3,3,2,2,3,1,1,1,3,2,1,1,1,3,2.118279569892473,0.948677204305926
232,0,0,0,2,1,2,0,1,1,0,3,1,2,0,1,1,1,0,2,2,1,1,2,1,1,2,1,1,2,1,1,2,1,0,2,2,1,0,0,1,1,2,1,1,3,1,1,2,2,1,1,1,2,1,2,2,1,1,1,1,0,1,1,1,1,1,2,1,2,1,1,2,1,1,2,1,1,0,2,1,1,1,3,1,1,1,2,1,1,2,1,0,2,1.1935483870967742,0.7072294044045312
233,9,8,6,9,5,8,4,6,8,8,7,6,9,5,6,6,9,9,5,8,5,6,7,8,7,6,8,6,9,6,7,8,9,7,7,8,9,9,7,9,7,9,5,7,5,9,6,7,6,4,5,5,8,5,5,7,7,9,4,8,7,10,8,5,7,5,7,6,9,6,7,8,7,9,10,9,6,8,6,9,7,7,5,5,5,7,9,7,7,7,9,8,7,7.053763440860215,1.5052995372110982
234,4,2,5,3,4,4,5,6,8,6,6,4,4,5,6,4,6,2,3,8,4,6,3,5,6,5,4,6,5,2,7,4,5,6,6,5,5,3,4,5,4,4,5,6,5,3,6,7,3,8,6,5,8,4,6,4,6,6,8,2,3,3,3,4,4,6,4,3,3,4,3,4,4,4,2,3,7,4,4,4,5,6,4,6,5,5,6,2,5,2,7,8,5,4.720430107526882,1.547565492892776
235,3,6,3,4,3,3,5,4,3,4,3,3,5,4,5,5,2,4,4,2,3,2,5,3,5,4,4,4,5,4,4,5,7,4,3,4,5,5,5,3,2,2,4,3,4,4,6,5,4,1,4,2,3,4,3,3,4,5,5,5,6,4,4,5,3,2,5,5,3,4,4,6,3,2,3,4,2,4,4,3,3,5,8,6,4,6,6,5,4,5,4,4,6,4.021505376344086,1.2441561861609227
236,2,3,2,4,3,1,3,3,3,1,2,1,3,3,2,3,0,0,1,2,3,3,4,2,2,3,2,2,4,1,3,3,2,2,1,1,3,4,0,1,1,2,2,4,0,1,3,2,2,2,1,1,3,1,1,3,2,2,2,1,1,3,3,0,1,2,1,0,3,1,2,3,1,1,4,1,3,4,1,2,3,1,2,2,1,0,3,0,1,2,1,1,2,1.935483870967742,1.0955084410279596
237,5,6,5,10,7,3,3,8,9,6,2,7,7,8,5,4,5,6,7,8,7,6,3,5,7,2,5,3,6,5,8,4,11,4,10,6,3,6,4,6,5,5,6,5,8,7,2,4,3,6,5,5,4,6,4,5,6,6,5,8,5,8,7,5,5,10,5,4,4,7,10,6,6,6,4,6,4,3,5,7,6,6,5,7,6,5,5,6,8,4,8,6,5,5.709677419354839,1.8525230987562882
238,1,0,2,1,1,1,2,1,2,1,1,1,0,2,2,3,1,1,1,1,2,1,1,0,3,1,2,2,1,1,2,1,1,1,1,1,1,1,1,1,1,3,2,1,1,3,2,1,1,1,1,1,0,1,1,2,2,1,1,0,1,1,2,1,3,1,2,1,2,1,1,1,1,2,1,4,2,2,1,3,2,2,1,1,1,0,1,2,1,1,1,2,0,1.3333333333333333,0.7525345465343095
239,4,5,7,4,6,5,4,6,6,5,5,6,6,5,4,4,6,7,3,5,4,3,6,6,3,4,5,4,5,7,5,4,4,6,7,7,5,6,8,4,5,5,6,3,7,4,4,4,4,5,5,6,4,5,3,4,6,7,5,3,4,6,5,7,7,4,6,8,3,4,3,3,5,6,3,5,3,7,4,6,6,5,2,4,6,4,6,8,6,7,5,5,5,5.043010752688172,1.343354639719692
240,4,4,2,1,3,2,1,1,1,2,3,2,1,3,3,2,1,2,1,3,2,2,1,2,3,2,2,4,3,4,2,2,2,2,2,1,2,1,2,2,1,3,4,3,2,3,2,1,2,2,2,1,2,1,3,1,3,3,3,2,3,1,2,1,2,2,2,2,2,2,2,2,2,2,3,1,1,2,1,1,2,2,3,2,2,4,2,3,2,1,3,2,2,2.096774193548387,0.8303971860777551
241,1,2,1,0,1,1,2,0,2,3,0,1,0,1,0,1,0,1,0,2,1,1,0,2,0,0,0,0,2,0,0,2,2,0,1,1,0,0,1,1,0,1,0,0,0,2,1,1,1,1,1,0,0,2,2,1,1,0,0,1,0,2,1,0,2,2,0,1,1,1,0,0,0,0,0,1,0,0,1,1,1,1,1,2,0,0,2,1,4,0,2,1,0,0.8172043010752689,0.8417370232593948
